Name		Organization 1 - Name	Phone 1 - Value	Website 1 - Value
Spotlight Electric Ltd		Spotlight Electric Ltd	9055794733	http://www.spotlightelectric.ca/
COZZY ELECTRIC INC.		COZZY ELECTRIC INC.	7057861824	http://cozzyelectric.ca/
Scugog Electric		Scugog Electric	9054098278	http://scugogelectric.ca/
Port Electric		Port Electric	9052608831	http://portelectriccontractors.com/
Progressive Electric & Plumbing		Progressive Electric & Plumbing	9059858950	https://pepelectric.plumbing/
BAM Electrical Contracting		BAM Electrical Contracting	9059140936	https://bamelectric.ca/
Emmons Electric Inc.		Emmons Electric Inc.	2893145152	http://www.emmonselectric.com/
Gord's Electric		Gord's Electric	9054418490	http://gordselectric.ca/
Lit Electrical Contractors Inc.		Lit Electrical Contractors Inc.	4165792947	http://www.litelectrical.com/
Leslie & Palmer Electrical Contractor		Leslie & Palmer Electrical Contractor	6472712235	http://www.leslieandpalmer.com/
Powersource Electric Inc.		Powersource Electric Inc.	2898927074	https://www.powersourceelectric.ca/
AlphaMega Electric Ltd.		AlphaMega Electric Ltd.	9052445046	http://alpha-mega.ca/
Doyle's Electric		Doyle's Electric	9054491399	https://www.doyles.company/
Canon Electric		Canon Electric	9059265535	http://canonelectric.ca/
UNIBOLT ELECTRIC INC.		UNIBOLT ELECTRIC INC.	9055918658	http://www.unibolt.ca/
Barrett Electric Inc.		Barrett Electric Inc.	9054318020	http://www.barrettelectric.ca/
Langmaid Electric Contracting		Langmaid Electric Contracting	7053249843	https://www.langmaidelectric.com/
Meek Electric		Meek Electric	4169890047	http://www.meekelectric.ca/
Safe and Sound Connections		Safe and Sound Connections	9052441325	https://safeandsoundconnections.com/
EverReady Electrical		EverReady Electrical	6475602463	http://www.whitbyonelectrician.ca/
OKANA Electrical		OKANA Electrical	4163881003	https://www.okanapro.ca/
North Electrik Inc | 24/7 Whitby Electrician		North Electrik Inc | 24/7 Whitby Electrician	6477094959	https://northelectrik.com/
Fitzpatrick Electrical Contractor Inc.		Fitzpatrick Electrical Contractor Inc.	9056861661	http://www.fitze.ca/
Brite Electrical Solutions		Brite Electrical Solutions	9052404703	http://www.briteelectricalsolutions.com/
Browns Electrical and Consulting		Browns Electrical and Consulting	9054494884	https://brownselectricalco.wixsite.com/brownselectrical
SAV Electric Inc		SAV Electric Inc	4167057806	http://www.savelectric.ca/
Service First Electric		Service First Electric	9054417118	http://www.servicefirstelectric.ca/
Hanika Electric Inc.		Hanika Electric Inc.	6478923055	https://www.googleadservices.com/pagead/aclk?sa=L&ai=DChcSEwjc062U-d37AhW2_OMHHaVsAIAYABAIGgJ5bQ&ohost=www.google.com&cid=CAASE-Ro33e51kMsDPcmYZt3Fo_nRb4&sig=AOD64_2tgRCI7FnClJWSk0Fj-ZM1o92G-A&q=&ctype=99&ved=2ahUKEwi3iqaU-d37AhV6jIkEHU1qAh04KBCErAF6BAgBECs&adurl=
Curt Brown Electric Inc.		Curt Brown Electric Inc.	9054311912	http://www.curtbrownelectric.com/
Eco Electrical HVAC.		Eco Electrical HVAC.	4168951094	https://ecoelectricalhvac.business.site/
Bird Electric		Bird Electric	9054100532	http://www.birdelectric.ca/
InnoWave Electric Inc.		InnoWave Electric Inc.	9054094949	http://www.innowaveinc.com/
MB Electrical Group		MB Electrical Group	2893143607	https://www.mbelectricalgroup.ca/
Energy Rich Electric		Energy Rich Electric	6473213674	http://energyrichelectric.ca/
Top Electrical Inc.		Top Electrical Inc.	6475005616	http://www.topelectrical.ca/
Falstaff Electrical Services Ltd		Falstaff Electrical Services Ltd	9056427020	https://falstaffelectric.ca/
Captain Electric		Captain Electric	9056834195	https://captainelectric.ca/?utm_source=google&utm_medium=organic&utm_campaign=local
Electric Electric Ltd		Electric Electric Ltd	7058785878	https://www.electricelectricltd.com/
Orbit Electrical		Orbit Electrical	9055712977	https://orbit-electrical.business.site/
FM Electrical Service		FM Electrical Service	6475611583	https://fmelectricalservice.com/
Jng Electric Inc.		Jng Electric Inc.	9052427254	http://www.jngelectric.ca/
Penfold Electric LTD		Penfold Electric LTD	4166391796	https://penfoldelectric.com/
ACCL Electrical		ACCL Electrical	4167598567	http://www.acclelectrical.ca/
Tradescope Electrical		Tradescope Electrical	9052447982	http://tradescopeelectrical.com/
Try-Umph Electric Inc.		Try-Umph Electric Inc.	6478798674	http://www.tryumphelectric.com/
Space Age Electric		Space Age Electric	9054366744	https://spaceageelectric.business.site/
Renewal Electrical Contracting		Renewal Electrical Contracting	6472084928	http://renewalec.com/
TMK Electrical and Contracting Services		TMK Electrical and Contracting Services	9054398529	https://www.tmkelectrical.ca/
pot lights installation		pot lights installation	6479579735	https://potlightsinstallation.com/
Jayco Electrical		Jayco Electrical	6474002823	http://jaycoelectrical.com/
J.C. Electrical Inc		J.C. Electrical Inc	9057069355	http://www.jcelectrical.ca/
Brooklin Electric Limited		Brooklin Electric Limited	9056650002	http://www.brooklinelectric.com/
JK Lighting Solutions - Pot Lights Installation		JK Lighting Solutions - Pot Lights Installation	4377474782	https://jklightingsolutions.com/
Power Blitz Electrical		Power Blitz Electrical	18556080178	https://www.powerblitz.ca/?utm_source=gmb&utm_medium=website
Randy Perry Electric Ltd.		Randy Perry Electric Ltd.	9055570072	http://www.randyperryelectric.com/
Superior Solutions Contracting		Superior Solutions Contracting	2896771945	https://oshawageneralcontracting.ca/
Ampfinity Electrical Services		Ampfinity Electrical Services	4168412653	http://www.ampfinity.ca/
A.S. Electrical Services Ltd.		A.S. Electrical Services Ltd.	4167378593	https://aselectrical.ca/
Envirotech Insulation Inc		Envirotech Insulation Inc	2892746600	http://www.envirotechinsulation.ca/
Varg inc. Electrical Contractor		Varg inc. Electrical Contractor	4168059418	https://www.vargelectric.com/
Eplus Wiring and Electrical Ltd.		Eplus Wiring and Electrical Ltd.	4168540108	https://www.epluswiringandelectrical.com/
Solutions Electrical		Solutions Electrical	4167660466	https://solutionselectrical.ca/
Electricians in North York		Electricians in North York	6478323800	https://electriciansnorthyork.com/
Vivid Electric Inc		Vivid Electric Inc	6474094094	https://vividelectric.ca/
Influx Electric		Influx Electric	4162524470	http://www.influxelectric.com/
GCCElectric		GCCElectric	4168480071	https://gccelectric.com/
Mapleleaf Electric Inc		Mapleleaf Electric Inc	6473443320	http://www.mapleleafelectricinc.com/
YT Electric Ltd.		YT Electric Ltd.	4168859048	http://www.ytelectric.com/
Vicamp Electrical Pot light installation		Vicamp Electrical Pot light installation	4167230541	http://www.vicamp.net/
Ampower Electrical Contractors		Ampower Electrical Contractors	9057937193	http://www.ampowerelectric.com/
Electrician License		Electrician License	18883610003	https://www.electricianlicense.com/
Trust Electric Inc		Trust Electric Inc	4163153356	http://www.trustelectric.ca/
Wiljan Electrical Inc		Wiljan Electrical Inc	6479293873	https://www.wiljan.ca/
Absolute Power Electrical Contracting Ltd. - Toronto		Absolute Power Electrical Contracting Ltd. - Toronto	4164020949	https://absolute-power-electrical-contracting-ltd.business.site/?utm_source=gmb&utm_medium=referral
AJ and Associates		AJ and Associates	4165298152	http://www.ajandassociates.ca/
Green Tech Electric Inc.		Green Tech Electric Inc.	18008289750	http://greentechelectric.ca/
Marx Mechanical Contracting		Marx Mechanical Contracting	2893010720	https://marxmechanical.com/
Smith and Long (Head Office)		Smith and Long (Head Office)	4163910443	http://www.smithandlong.com/
Bermis Inc		Bermis Inc	9054544401	https://bermis.com/
RONA Port Perry		RONA Port Perry	9059857334	https://www.rona.ca/en/Rona-port-perry-port-perry?y_source=1_MzkxNzQwOS03MTUtbG9jYXRpb24ud2Vic2l0ZQ%3D%3D
"Nedco - Oshawa, ON"		"Nedco - Oshawa, ON"	9057218400	https://www.nedco.ca/cnd/Oshawa/store/h-WR
A.S. Electrical Services Ltd.		A.S. Electrical Services Ltd.	9058877632	https://aselectrical.ca/electrician-oakville-milton/contact.html
RA Tech Electrical Services INC		RA Tech Electrical Services INC	9058574212	http://www.ratech.ca/
Renew Electric		Renew Electric	4168274149	http://www.renew-electric.com/
All Power Electric		All Power Electric	4166163405	http://allpowerelectric.ca/
Toronto Electrician		Toronto Electrician	6479338444	https://torontoelectrical.blogspot.com/
EVM Electric		EVM Electric	9057690840	http://www.evmelectric.com/
APS Electric		APS Electric	4164560545	http://aps-electric.ca/
Sparks Lighting and Electric Co. Ltd.		Sparks Lighting and Electric Co. Ltd.	6475771171	https://sparkselectric.ca/
Tri-Amp Electrical Services Ltd.		Tri-Amp Electrical Services Ltd.	4165459075	https://triamp.ca/
E M F Electrical Services		E M F Electrical Services	9054058836	http://emfelectrical.ca/
Mandi Electric Inc		Mandi Electric Inc	4167237819	https://www.mandielectric.ca/
A. A. Carter Electric Ltd.		A. A. Carter Electric Ltd.	4169931335	http://www.aacarterelectric.com/
Muzzell Electrical		Muzzell Electrical	5192702096	http://www.muzzellelectrical.ca/
Kudlak-Baird Ltd		Kudlak-Baird Ltd	9056243479	https://kudlak-baird.com/
Bradco Electrical Services Ltd		Bradco Electrical Services Ltd	9058900506	http://www.bradcoelectric.com/
Parklane Electrical		Parklane Electrical	9055108887	https://parklane-electrical.ca/
Victor Electric		Victor Electric	9055269021	http://www.victorelectric.com/
Sheridan Electric Services Limited		Sheridan Electric Services Limited	18005178512	http://www.sheridanelectric.ca/
Scugog Computers		Scugog Computers	9059852161	http://www.scugogcomputers.com/
Genco Electrical & Mechanical Ltd		Genco Electrical & Mechanical Ltd	4162340575	http://www.gencoelectric.com/
International Brotherhood Of Electrical Workers Local 636		International Brotherhood Of Electrical Workers Local 636	9052860330	http://www.ibewlocal636.com/
The Electric Company		The Electric Company	9058208658	http://theelectriccompany.ca/
Lake Scugog Lumber Inc.		Lake Scugog Lumber Inc.	9059857391	http://www.scugoglumberrooftrussesontario.com/
RICO Lighting & Electrical Services		RICO Lighting & Electrical Services	18882247426	http://www.ricoelectric.com/
Electric Potential		Electric Potential	4168877233	http://www.electricpotential.ca/
Maple Leaf Foods Inc		Maple Leaf Foods Inc	9059857373	https://www.mapleleaffoods.com/
Scugog Equipment Rentals		Scugog Equipment Rentals	9059854416	http://www.scugogequipmentrental.ca/
Mainway Electric Ltd		Mainway Electric Ltd	9053335966	http://www.mainwayelectric.com/
Abacus Electric		Abacus Electric	9054391147	http://abacuselectric.ca/
Brothers Tech Solutions		Brothers Tech Solutions	9056383333	http://brotherstechsolutions.ca/
Denny¡¯s Electric		Denny¡¯s Electric	9053888130	https://electrical-contractors.ca/
Scugog Chamber of Commerce		Scugog Chamber of Commerce	9059854971	http://scugogchamber.ca/
Mississauga Electrical		Mississauga Electrical	4163571729	https://www.mississaugaelectrical.ca/
Forecourt Electrical Services Inc		Forecourt Electrical Services Inc	4168487406	https://forecourt-electrical-services.business.site/?utm_source=gmb&utm_medium=referral
"RICK,S ELECTRICAL SERVICE"		"RICK,S ELECTRICAL SERVICE"	6479557237	https://ricks-electrical-service.business.site/?utm_source=gmb&utm_medium=referral
Insight Electric Inc		Insight Electric Inc	4168002371	https://www.googleadservices.com/pagead/aclk?sa=L&ai=DChcSEwi-kZrL-d37AhWFh8gKHVfIAgUYABAIGgJxdQ&ohost=www.google.com&cid=CAASE-Ro00gOc1fF-uZn9cU8dzsiQoI&sig=AOD64_3tpOw5CA9N8pvoorU_jL64l3dyoQ&q=&ctype=99&ved=2ahUKEwj5-pHL-d37AhVeEVkFHaaYBPoQhKwBegQIGRAs&adurl=
DJD Electrical Contracting Inc		DJD Electrical Contracting Inc	4169021590	http://www.djdcontracting.com/
Phoenix Electrical Services Inc.		Phoenix Electrical Services Inc.	4165096682	http://www.phoenixelectricalstouffville.ca/
NextGen Electrical Services Ltd.		NextGen Electrical Services Ltd.	6479953722	https://www.googleadservices.com/pagead/aclk?sa=L&ai=DChcSEwiFkcnS-d37AhXM_-MHHTsFAYoYABAAGgJ5bQ&ohost=www.google.com&cid=CAASE-Rocdh-33voyJaPk7sb2Q74Qo8&sig=AOD64_24dWaOJkfFKmsJIkr0KdcaQ0D4CA&q=&ctype=99&ved=2ahUKEwir7MHS-d37AhXmkYkEHZTsARw4FBCErAF6BAgBEBU&adurl=
ABM Electrical Contractors Ltd		ABM Electrical Contractors Ltd	2897961815	http://abmelectric.ca/
KIYAN ELECTRIC INC- Licensed Electrician - electrical and lighting contractor		KIYAN ELECTRIC INC- Licensed Electrician - electrical and lighting contractor	4164504030	http://www.kiyanelectric.ca/
Surrge - Best Electrician Services		Surrge - Best Electrician Services	9059631615	https://surrge.ca/?utm_source=Google+Business+Profile&utm_medium=GMB&utm_campaign=GMB&utm_id=Local+Listing&utm_term=GMB&utm_content=GMB
Duke of York Electric		Duke of York Electric	9053340732	https://dukeofyorkelectric.com/
ProTech-Electric		ProTech-Electric	6479658988	http://protech-electric.ca/
AC DC Electricians		AC DC Electricians	6477395353	http://www.acdcelectricians.ca/
BigGuy Electric Inc.		BigGuy Electric Inc.	9058678017	http://bigguyelectricinc.com/
Newmarket electrical services | Moon Tech Electric		Newmarket electrical services | Moon Tech Electric	2893951932	http://www.moontechelectric.net/
Sam Electric		Sam Electric	4162588794	https://samelectric.ca/
Mr. Electric of GTA West		Mr. Electric of GTA West	18664324865	https://mrelectric.com/gta-west/?cid=LSTL_MRE-CA000274&utm_source=gmb&utm_campaign=local&utm_medium=organic
Mr. Express Electric		Mr. Express Electric	6476128000	http://www.mrexpresselectric.ca/
PowerLink Solutions Inc		PowerLink Solutions Inc	6479935465	http://www.powerlinksolutions.com/
Custom and Quality inc		Custom and Quality inc	4166703703	http://www.customandquality.com/
Holley Electric Ltd		Holley Electric Ltd	9054511505	http://www.holleyelectric.ca/
24/7 ELECTRICIAN | MMS Electric .		24/7 ELECTRICIAN | MMS Electric .	5878902680	https://electrician-calgary.ca/
AC Electrical - Your Home Electricians		AC Electrical - Your Home Electricians	4166988100	https://acelectrical.ca/?utm_source=google&utm_medium=organic&utm_campaign=local&utm_content=Scarborough
Think Green Electrical		Think Green Electrical	6474707267	http://thinkgreenelectrical.com/
Kancal Electric Inc.		Kancal Electric Inc.	4166172348	https://kancalelectric.com/
Peel Electrical Contractors Inc		Peel Electrical Contractors Inc	4165299234	http://www.peelelectricialcontractors.ca/
M7 Power | Commercial and Industrial Licensed Electricians Mississauga		M7 Power | Commercial and Industrial Licensed Electricians Mississauga	6479058461	https://www.m7power.com/
"Safe Electrical Solutions - Residential Electrician, Emergency Electrical Service"		"Safe Electrical Solutions - Residential Electrician, Emergency Electrical Service"	4162367100	https://safeelectricalsolutions.com/
"Kuik Electric, Inc."		"Kuik Electric, Inc."	15082782802	http://kuikelectric.com/
Amped Electric		Amped Electric	17742484723	http://www.ampedelectricma.com/
Corlan Electric Inc.		Corlan Electric Inc.	9056242533	http://www.corlanelectric.com/
AR Electrical Services Inc		AR Electrical Services Inc	4166609923	http://arelectrical.ca/
Electrician in Etobicoke		Electrician in Etobicoke	4378878911	https://torontoelectricwiringinstall.blogspot.com/
Ontime Electric - Electricians Toronto		Ontime Electric - Electricians Toronto	4168826000	http://ontime-electric.ca/
STS Electrical Ltd.		STS Electrical Ltd.	4166441543	https://www.sts-na.com/
The Flooring Barn #WhereFashionMeetsFloors		The Flooring Barn #WhereFashionMeetsFloors	9058529215	http://www.theflooringbarn.com/
Connectus Electric Inc.		Connectus Electric Inc.	6477727555	http://www.connectuselectric.ca/
Star Service Electrical Contracting Inc.		Star Service Electrical Contracting Inc.	4164564736	http://www.starserviceelectrical.ca/
NSC Electric Inc.		NSC Electric Inc.	9054663923	https://nscelectric.com/
Pro Trade Electric		Pro Trade Electric	7057022799	https://protradeelectric.ca/
Birnie Home Safe		Birnie Home Safe	9055691818	http://birniehomesafe.com/
"Langstaff & Sloan Inc | Electrical Contractors | Commercial Electrical Services | Toronto, Ontario"		"Langstaff & Sloan Inc | Electrical Contractors | Commercial Electrical Services | Toronto, Ontario"	4165032033	https://langstaffandsloan.com/?utm_source=GMBlisting&utm_medium=organic
Stratton Electric Co		Stratton Electric Co	15082782703	https://strattonelectric.net/
2 B Wired Inc		2 B Wired Inc	4167356661	http://www.2bwired.ca/
B & R Electric		B & R Electric	9058141881	http://brelectric.ca/?y_source=1_NDQzNDYzNTYtNzE1LWxvY2F0aW9uLndlYnNpdGU%3D
JML Electric		JML Electric	9054697524	http://jmlelectric.ca/
Gauthier Electric Mississauga		Gauthier Electric Mississauga	9058555355	https://gauthier-electric-mississauga.business.site/?utm_source=gmb&utm_medium=referral
Can Power Electric		Can Power Electric	9053320446	http://www.canpowerelectric.ca/
PCC Electrical Services Ltd		PCC Electrical Services Ltd	4.47726E+11	http://www.electrician-uxbridge.co.uk/
Wilson Electric Installations Inc		Wilson Electric Installations Inc	6476961723	http://www.wilsonelectricinc.ca/?utm_campaign=gmb
Beetham Electric		Beetham Electric	9054490890	http://www.beethamelectric.com/
Vickery Electric		Vickery Electric	9056681108	https://www.vickeryelectric.com/
CMD Electric Ltd.		CMD Electric Ltd.	9059950476	http://www.cmdelectric.ca/
Mace Electric		Mace Electric	6475346223	http://maceelectric.ca/
D. Randall Industrial Electric		D. Randall Industrial Electric	9054339955	http://www.randallelectric.ca/
Surefoot Electric		Surefoot Electric	9055792690	https://surefootelectric.com/
ARJO Electric Inc.		ARJO Electric Inc.	4165737730	http://arjoelectric.ca/
Rand Electric		Rand Electric	9056838299	http://www.randelectric.ca/
CFI Electric Ltd		CFI Electric Ltd	4165759999	https://www.cfielectric.ca/
Enercare		Enercare	9052452903	https://www.googleadservices.com/pagead/aclk?sa=L&ai=DChcSEwiQ_eKN-t37AhVJ9uMHHdqSAPQYABAAGgJ5bQ&ohost=www.google.com&cid=CAASE-Ro3ysvGCRwJQYutj-FEVHT2nI&sig=AOD64_0Z7xFYkxeAwcPcAp6k0snVArlruw&q=&ctype=99&ved=2ahUKEwiU89qN-t37AhUblIkEHdi_DpQ4KBCErAF6BAgBECw&adurl=
Riley Group Electrical Limited - Licensed electricians		Riley Group Electrical Limited - Licensed electricians	4168960669	http://www.therileygroup4.com/
Pro Trade Electric		Pro Trade Electric	4162541161	https://enricoelectric.ca/
"Reliance Heating, Air Conditioning & Plumbing"		"Reliance Heating, Air Conditioning & Plumbing"	9057256548	https://reliancehomecomfort.com/durham/?utm_source=google&utm_medium=organic&utm_campaign=gmb
MDK ELECTRIC LTD		MDK ELECTRIC LTD	9054287622	http://www.mdkelectric.ca/
Electro Works Ltd		Electro Works Ltd	9054329202	http://electro-works.ca/
NSW Electric		NSW Electric	4165653506	http://www.nswelectric.com/
Ajax Electrical		Ajax Electrical	2892756543	https://www.ajaxelectrical.com/
Thomas Electric Inc		Thomas Electric Inc	9057202223	http://www.thomaselectric.ca/
SMM Electric		SMM Electric	6477054321	http://www.smmelectric.com/
E-Care Electrical Services		E-Care Electrical Services	4167373103	http://www.ecareelectrical.ca/
Limcan Certified Heating and Air Conditioning		Limcan Certified Heating and Air Conditioning	9054272577	https://www.limcancertified.ca/?utm_source=google&utm_medium=gmb&utm_campaign=limcan-gmb
J W Contracting		J W Contracting	9056661400	http://jwcontracting.com/
High ceilings Chandelier Installation		High ceilings Chandelier Installation	4169102020	https://high-ceilings-chandelier.business.site/
Rushforth Electric and Heating 1976 Limited		Rushforth Electric and Heating 1976 Limited	4164217262	http://www.rushforth-electric.com/
Global Electrical Contractors		Global Electrical Contractors	4168221286	https://globalelectricalcontractors.ca/
Set Electric		Set Electric	4166166347	http://www.setelectric.ca/
Toronto Wiring		Toronto Wiring	6478476252	http://torontowiring.com/
PCMINC		PCMINC	6476414751	http://profilecabinetry.com/
Task-co Building Maintenance		Task-co Building Maintenance	9052404412	https://task-co.com/
Precision Electric		Precision Electric	9053345202	http://www.precisionelectric.ca/
The Green Electrician		The Green Electrician	4165789258	http://thegreenelectrician.ca/
Effective Electrical		Effective Electrical	4168417835	https://effectiveelectrical.ca/
Solus Electrical & Renovations		Solus Electrical & Renovations	6472612704	http://www.soluselectrical.com/
Elexicon Group		Elexicon Group	18007696832	https://elexicongroup.com/
H MAN ELECTRIC		H MAN ELECTRIC	4168381999	https://www.hmanelectric.ca/
Colony Electrical Inc.		Colony Electrical Inc.	4162728610	http://www.colonyelectrical.com/
Kennedy Electric & Cabling		Kennedy Electric & Cabling	9053084567	http://www.kelectric.ca/
D. Sayers Electric Inc		D. Sayers Electric Inc	9052573728	http://dsayerselectric.ca/
Mainguy & Son's Electrical		Mainguy & Son's Electrical	7058755061	http://www.mainguyandsonselectrical.ca/
NAS Electrical Contracting		NAS Electrical Contracting	6479834186	https://nas-electrical.ca/
Pro-Connect Electrical Services		Pro-Connect Electrical Services	9058475000	http://www.proconnectelectric.ca/
Nomis Electric		Nomis Electric	4167174704	http://www.nomiselectric.com/
Ohmega Electric Inc		Ohmega Electric Inc	9058422002	http://ohmegaelectric.com/
Hume Electrical Services (whitby) Ltd		Hume Electrical Services (whitby) Ltd	4.47815E+11	http://www.humeelectrical.co.uk/
JSM Electrical Services		JSM Electrical Services	9056387048	https://www.googleadservices.com/pagead/aclk?sa=L&ai=DChcSEwj5levZ-t37AhVJW3IKHTxQAR4YABAAGgJxdQ&ohost=www.google.com&cid=CAASE-RoBEDZ-hN4PIrPrT93pbbOtJs&sig=AOD64_2cqn8b4F2rfba2Nth-zsTGKAhabw&q=&ctype=99&ved=2ahUKEwiZ0-TZ-t37AhVnnHIEHbO6CP0QhKwBegQIBxAt&adurl=
Ivy League Electric Inc.		Ivy League Electric Inc.	9056353919	https://www.theivyleagueway.ca/
Brant Electric Ltd		Brant Electric Ltd	9056345577	https://www.brantelectriclimited.ca/
Halton Electric		Halton Electric	9053352104	http://www.haltonelectric.com/
Canadian Electrical Services		Canadian Electrical Services	9056813940	https://canadianelectricalservices.com/
Dynamize Electric Inc.		Dynamize Electric Inc.	9052209244	http://www.dynamizeelectric.ca/
Calibre Electric		Calibre Electric	18662222312	http://www.calibreelectric.com/
Rad electric inc.		Rad electric inc.	4169537163	http://www.radelectric.ca/
Veracity Electric Inc		Veracity Electric Inc	9055203870	http://www.veracityelectric.ca/
Gauthier Electric Burlington		Gauthier Electric Burlington	9059215555	https://gauthier-electric-burlington.business.site/?utm_source=gmb&utm_medium=referral
Van Herc Electrical Solutions		Van Herc Electrical Solutions	2899627330	https://vanherc.ca/
Digital Electric Inc.		Digital Electric Inc.	18662352999	https://digitalelectric.ca/
Blackstone Electrical Services Inc		Blackstone Electrical Services Inc	9055105693	http://www.blackstoneelectricalservices.com/
GEM Electrical Services		GEM Electrical Services	5197525989	https://www.googleadservices.com/pagead/aclk?sa=L&ai=DChcSEwjijMfh-t37AhXnE9QBHVaUBZ4YABAAGgJvYQ&ohost=www.google.com&cid=CAASE-Ron-dfHzkn9LTLP_flaJOPMg8&sig=AOD64_1NewrYmOkR7NcRfjlG6j2BpnBMrw&q=&ctype=99&ved=2ahUKEwjfkL_h-t37AhWAnGoFHYDuBXY4FBCErAF6BAgVEBU&adurl=
Ele-Com Electrical Services Inc.		Ele-Com Electrical Services Inc.	9055388001	http://www.ele-com.ca/
Reliable Lighting Solutions Inc		Reliable Lighting Solutions Inc	6476245097	http://www.reliablelightingsolutions.ca/
Babil Electric		Babil Electric	6478714220	https://babilelectric.com/
Silva Electrical Control & Design Inc		Silva Electrical Control & Design Inc	9056395049	http://www.silvaelectric.ca/
KV Electric Enterprises Inc.		KV Electric Enterprises Inc.	9056328313	http://kvelectrician.com/
MMS Electrical		MMS Electrical	9056359289	http://www.mmselectrical.ca/
Titan General Contracting		Titan General Contracting	9059799779	https://titanelectrical.ca/
Enlightened Electrical		Enlightened Electrical	9054845776	https://enlightenedelectrical.ca/
Willxon Electric Group Inc.		Willxon Electric Group Inc.	2892085516	http://willxon.com/
South-View Electrical INC		South-View Electrical INC	9053317077	http://www.south-view.ca/
Ducon Utilities Ltd		Ducon Utilities Ltd	9056342235	http://www.ducon.ca/
JMC Electric Ltd.		JMC Electric Ltd.	9054511830	https://www.googleadservices.com/pagead/aclk?sa=L&ai=DChcSEwiY1afo-t37AhW9FNQBHS9pC8gYABAAGgJvYQ&ohost=www.google.com&cid=CAASE-RolAmw9AYLqxJ5uQgLqQ9UzqQ&sig=AOD64_0mEgAKd4f6FyxjmhMmrQ8knpa_4A&q=&ctype=99&ved=2ahUKEwjZj6Do-t37AhUrmmoFHR9LCQM4KBCErAF6BAgBEBU&adurl=
Spark Power		Spark Power	18337757697	https://sparkpowercorp.com/
Crown Electric Ltd		Crown Electric Ltd	9058472804	http://www.crownelectricltd.ca/
Lorion Electric Inc.		Lorion Electric Inc.	4169483266	http://www.lorionelectric.com/
Vicamp Electrical Services		Vicamp Electrical Services	6474060543	http://vicampelectrical.ca/
Automated Control Systems & Electrical Maintenance		Automated Control Systems & Electrical Maintenance	4168853493	https://www.automatedcontrolsystems.ca/
Zeus Electrical Systems Ltd.		Zeus Electrical Systems Ltd.	4164364940	http://www.zeuselectricalsystems.ca/
Abbey Electric		Abbey Electric	6472283336	http://abbeyelectric.ca/
Hammer Electric		Hammer Electric	9057020726	http://www.hammerelectric.ca/
Carney Electric Limited		Carney Electric Limited	9058779711	http://www.carneyelectric.ca/
DEKER eLeCTRIC		DEKER eLeCTRIC	9057020515	https://www.dekerelectric.ca/
LKB Electric Inc.		LKB Electric Inc.	9058768782	https://www.lkbelectric.ca/
Arthur Electric Inc		Arthur Electric Inc	9058761451	http://www.arthurelectric.com/
Swiss Electric Ltd		Swiss Electric Ltd	9058738055	http://www.swisselectric.com/
Static Electrical Services		Static Electrical Services	4163465359	http://www.staticelectricalcanada.com/
SR Electric		SR Electric	6475447423	http://www.srelectric.ca/
Higgins Electrical Contracting		Higgins Electrical Contracting	5198535558	http://www.hecs.ca/
SGS Electrical Inc.		SGS Electrical Inc.	4169192997	http://sgselectrical.com/
RMS Electric Inc		RMS Electric Inc	4166680657	http://rmselectricinc.com/
Raspen Electric		Raspen Electric	2898789299	http://raspenelectric.com/
MMD Electric Inc.		MMD Electric Inc.	4167296022	http://www.mmdelectric.com/
Milton Electric		Milton Electric	2897688333	https://www.miltonelectric.ca/
Norris Electrical		Norris Electrical	6472733825	https://norriselectrical.ca/
AC Electric Inc.		AC Electric Inc.	18885271518	http://acelectricinc.ca/
Applied Wiring Assemblies Inc		Applied Wiring Assemblies Inc	9058731717	https://www.appliedwiring.com/
Artane Electric		Artane Electric	9056992556	http://www.artaneelectric.com/
Concepts 2 Completion Inc.		Concepts 2 Completion Inc.	6473332339	http://concepts2completion.ca/?y_source=1_NTkyMDAxMDctNzE1LWxvY2F0aW9uLndlYnNpdGU%3D
R & B Construction Services Inc.		R & B Construction Services Inc.	9058777268	http://rbcon.ca/
Canadian Electrical Services		Canadian Electrical Services	9053377585	https://canadianelectricalservices.com/
Vercon Enterprise INC		Vercon Enterprise INC	4167375567	https://www.verconelectrical.com/
Gauthier Electric		Gauthier Electric	9058155555	http://gauthier-electric-oakville.business.site/
3e Electrical - Awarded Best-In-Service		3e Electrical - Awarded Best-In-Service	6475607995	https://3eelectrical.ca/
JPR Electrical Services Inc.		JPR Electrical Services Inc.	9058451919	http://www.contactjpr.ca/
Canadian Electrical Services		Canadian Electrical Services	9058788698	https://canadianelectricalservices.com/
Octo Electric Ltd.		Octo Electric Ltd.	9052089922	http://www.octoelectric.ca/
Modern Tech Electric inc		Modern Tech Electric inc	5194006555	https://moderntechelectric.ca/
JE Electrical services		JE Electrical services	9056995389	https://www.jeelectrical.ca/
Fay's Electric Inc		Fay's Electric Inc	9058782048	http://www.fayselectric.ca/
BNR Electric Inc		BNR Electric Inc	9058785501	https://bnrelectric.ca/
Primary Electrical Supply		Primary Electrical Supply	9058781695	http://www.primaryelectrical.com/
MARS Lighting & Electrical Supplies Distribution (MarsLED)		MARS Lighting & Electrical Supplies Distribution (MarsLED)	9058789997	http://shopmarsled.com/
ZS Electric Inc		ZS Electric Inc	4167329422	https://zselectric.ca/
"Nedco - Milton, ON"		"Nedco - Milton, ON"	9058763757	https://www.nedco.ca/cnd/Milton/store/m-WR
iCheck Inc		iCheck Inc	18666256251	http://icheckinc.ca/
Milton Auto Electric		Milton Auto Electric	9052030509	http://www.miltonautoelectric.com/
ElecTriLight Ltd		ElecTriLight Ltd	2892598751	http://www.electrilight.ca/
Electrotech Electrical & Communications Services Inc		Electrotech Electrical & Communications Services Inc	9058581201	https://electrotechinc.ca/
Gerrie Electric Milton		Gerrie Electric Milton	9058788406	https://www.gerrie.com/
Sheehan Electrical Services		Sheehan Electrical Services	4165750317	http://www.sheehanelectricalservices.com/
Electricalexam.ca		Electricalexam.ca	4168411399	https://electricalexam.ca/
"DT Griffin & Associates, Inc."		"DT Griffin & Associates, Inc."	9053015453	http://www.goldbook.ca/oakville-on/electric-contractors/dt-griffin-electric-inc-4664/
Alpha Electric Ltd		Alpha Electric Ltd	4167239032	https://www.alphaelectricltd.ca/
M7 Power | Licensed Electricians Oakville		M7 Power | Licensed Electricians Oakville	6475590251	http://m7power.com/
Milton Home Improvements		Milton Home Improvements	9057241993	https://miltonhomeimprovements.ca/
CF Crozier & Associates Consulting Engineers		CF Crozier & Associates Consulting Engineers	9058750026	http://www.cfcrozier.ca/
Master In Electric		Master In Electric	9059512709	https://masterinelectric.ca/
Current Technologies Ltd.		Current Technologies Ltd.	4162407691	http://currenttechnologies.ca/
Small Jobs Specialist		Small Jobs Specialist	9053348178	http://www.smalljobsspecialist.ca/
Potlight Master		Potlight Master	4162626849	http://www.potlightmaster.com/
Master Homes Contracting		Master Homes Contracting	6478667717	http://callmasterhomes.ca/
Milton Electric Co		Milton Electric Co	14102763420	https://www.miltonelectric.com/?utm_source=GMB&utm_medium=organic
Kronos Electrical Contractors Ltd.		Kronos Electrical Contractors Ltd.	4165791707	https://kronoselectrical.ca/?utm_source=google&utm_medium=organic&utm_campaign=gmb-listing
Milton Hydro Distribution		Milton Hydro Distribution	9058764611	https://www.miltonhydro.com/
Elmar Electric Ltd.		Elmar Electric Ltd.	18444435627	http://www.elmarelectric.ca/
Complete Audio Visual Inc		Complete Audio Visual Inc	9058763958	http://www.completeaudiovisual.ca/
Dorval Electric		Dorval Electric	9058454341	https://dorvalelectric.ca/
Carbone Electric Limited		Carbone Electric Limited	9058495656	http://www.carboneelectric.com/
M S Electric Co Ltd		M S Electric Co Ltd	9058277426	https://mselectric.ca/
Atlas Electric Corp.		Atlas Electric Corp.	2893863601	http://www.atlaselectriccorp.ca/
Westoak Electric Ltd.		Westoak Electric Ltd.	4167203511	http://westoakelectric.com/
Sauga Electric		Sauga Electric	4168574848	http://saugaelectric.ca/
E.C. Power & Lighting Ltd.		E.C. Power & Lighting Ltd.	9058159464	http://www.ecpowerlightingltd.com/
Sentral HVAC & Plumbing		Sentral HVAC & Plumbing	9058291333	http://sentralhvacplumbing.ca/
Homepros licensed electricians Mississauga LTD.		Homepros licensed electricians Mississauga LTD.	6476943757	http://www.electricalcompany.ca/
"Nedco - Oakville, ON"		"Nedco - Oakville, ON"	9058274421	https://www.nedco.ca/cnd/Oakville/store/%26-WR
Omega Electrical Contractors Inc		Omega Electrical Contractors Inc	6472940526	http://www.omegaelectricalcontractors.com/
HS Electric		HS Electric	6473351515	https://hselectric.wixsite.com/website
Home Renovation Contractors By Red Stone Contracting		Home Renovation Contractors By Red Stone Contracting	9059011006	http://redstonecontracting.com/
Tri-Tech		Tri-Tech	9056078500	http://www.tritechelectric.ca/
Hepburn Electrical & Contracting Ltd		Hepburn Electrical & Contracting Ltd	9056813737	http://hepburnelectric.com/
Bracer EV		Bracer EV	6475318530	https://www.bracerev.com/
BX Electrical		BX Electrical	4165709977	http://bxelectrical.ca/
Home Services at The Home Depot		Home Services at The Home Depot	18004663337	https://stores.homedepot.ca/on/oakville/home-services/?utm_source=google&utm_medium=organic&utm_campaign=local&utm_content=HS7157
Gerrie Electric Oakville		Gerrie Electric Oakville	9058452891	http://www.gerrie.com/
Inspec Homes Home Inspector Oakville - Ron Wiseman		Inspec Homes Home Inspector Oakville - Ron Wiseman	3652924663	http://www.inspechomes.com/
Siemens		Siemens	9054658000	https://new.siemens.com/ca/en.html?stc=wwsi111586
The Tile Man		The Tile Man	6472805415	https://www.thetileman.ca/
SENSUS Communication Solutions		SENSUS Communication Solutions	18888277200	https://www.sensusinc.com/
Stack Electric		Stack Electric	9055129428	https://www.stackelectric.ca/
T P L Construction Ltd		T P L Construction Ltd	9055674637	http://tppu.ca/
Truck Rental at The Home Depot		Truck Rental at The Home Depot	9054697116	https://www.homedepot.ca/en/home/tool-and-vehicle-rental/truck-and-van-rental-faq.html?utm_source=google&utm_medium=organic&utm_campaign=local&utm_content=TRUCK7115
Elsen Electric Incorporated		Elsen Electric Incorporated	9052723460	https://www.elsenelectric.com/
Homepros		Homepros	9058234663	http://www.homepros.ca/
Spark Power		Spark Power	9058293336	http://sparkpowercorp.com/
Canadian Sound Limited		Canadian Sound Limited	9058447600	http://www.canadiansound.com/
Thorvin Electronics Inc.		Thorvin Electronics Inc.	9058293040	https://www.thorvinelectronics.com/
Apollo Electric Inc.		Apollo Electric Inc.	9059215487	http://www.apolloelectricinc.ca/
Potlight Expert		Potlight Expert	4168795908	http://www.potlightexpert.com/
Digital Fire		Digital Fire	2898152557	https://www.digitalfire.ca/
"Reliance Heating, Air Conditioning & Plumbing"		"Reliance Heating, Air Conditioning & Plumbing"	9056339581	https://reliancehomecomfort.com/burlington/?utm_source=google&utm_medium=organic&utm_campaign=gmb
Electrical Safety Authority		Electrical Safety Authority	18773727233	http://www.esasafe.com/
Peel Heating & Air Conditioning		Peel Heating & Air Conditioning	2899481650	https://peelheating.ca/?utm_source=google&utm_medium=gmb&utm_campaign=peel-gmb
Lion Electric		Lion Electric	6479524698	http://lionelectric.ca/
Brampton Electric Inc.		Brampton Electric Inc.	2899272279	https://bramptonelectric.ca/
Extron Electric & Plumbing LTD		Extron Electric & Plumbing LTD	4168056144	http://extron.ca/
Serin Electrical Inc		Serin Electrical Inc	4168199494	http://instagram.com/serinelectrical
KCS Electrical Group		KCS Electrical Group	6479790549	https://kcsgroup.ca/
ABS Electric Ltd		ABS Electric Ltd	4164568790	http://abselectric.ca/
Elite Electrical Solutions Ltd		Elite Electrical Solutions Ltd	9057895511	https://elite-electrical-solutions-ltd.business.site/
Tej Electric Ltd.		Tej Electric Ltd.	4168169850	https://tej-electric-ltd.business.site/
Skyline Reno & Electrical Solutions		Skyline Reno & Electrical Solutions	6474992525	https://manage.wix.com/account/sites/d7797e1e-e0c2-4258-b685-5f1ed3061aba
Superior Power Electric Ltd.		Superior Power Electric Ltd.	4168936752	http://www.superiorpowerelectric.ca/
Avon Electric Co.Ltd		Avon Electric Co.Ltd	9057896540	http://www.avonelectric.ca/
EVA GENERAL CONTRACTING		EVA GENERAL CONTRACTING	6477122227	https://eva-general-contracting.business.site/?utm_source=gmb&utm_medium=referral
J & W Electric		J & W Electric	9057928886	https://jandwelectric.com/
Canadian Electrical Contracting Company		Canadian Electrical Contracting Company	9057831525	http://canadianelectricalcontractingcompany.com/
Supreme Electrical Inc.		Supreme Electrical Inc.	6479891666	https://supreme-electrical.business.site/
T P Electric		T P Electric	9054587778	https://www.tpelectric.com/
Star Electrical Services Inc		Star Electrical Services Inc	9057993883	http://starelectrical.ca/
Post Electric		Post Electric	4167389623	http://postelectric.ca/
Apex Enterprise (Electrical Contractors)		Apex Enterprise (Electrical Contractors)	6473023543	https://apexenterprise.ca/
J Electric Inc.		J Electric Inc.	4168970894	https://www.jelectric.ca/
True Blue Electric Inc.		True Blue Electric Inc.	6472221542	http://www.trueblueelectric.ca/
GR Electric		GR Electric	9058380621	http://www.grelectric.ca/
Penstock Electric		Penstock Electric	6473090179	https://penstockelectric.com/contact/
DLH Electric		DLH Electric	4166055703	https://dlhelectric.ca/
Phazer Electric		Phazer Electric	9058211650	http://www.phazer.ca/
Jm Auto Electric		Jm Auto Electric	9055951267	http://jmautoelectric.com/
"Gart Electric, Inc."		"Gart Electric, Inc."	6478493640	http://www.gartelectricinc.com/
WeCare Electric Services INC.		WeCare Electric Services INC.	4167170927	http://wecareelectric.ca/
WAN ELECTRICAL SERVICES INC		WAN ELECTRICAL SERVICES INC	6476075606	https://wan-electrical-services-inc.business.site/?utm_source=gmb&utm_medium=referral
Best Electric Brampton		Best Electric Brampton	2897993802	http://www.bestelectriciantoronto.ca/locations/brampton.html
Igman Electric Ltd		Igman Electric Ltd	9057917733	http://igmanelectric.com/
A1 Electrical Inc.		A1 Electrical Inc.	6479602900	http://a1electrical.ca/
ANC Electric		ANC Electric	9057907595	http://ancelectric.ca/
Springdale Electric Limited		Springdale Electric Limited	9057910070	http://www.springdaleelectric.com/
M A Industrial Electric Inc		M A Industrial Electric Inc	9054593903	http://maindustrialelectric.com/
Quality Electrical & Maintenance Contracting		Quality Electrical & Maintenance Contracting	6478633371	http://qualityelectricalcontracting.ca/
30th Century Electrical		30th Century Electrical	6479951236	https://30thcenturyelectri.wixsite.com/cal-inc
Ampson E M C Electric		Ampson E M C Electric	9058402989	http://www.ampson.ca/
"Ashcare - Electrical, Plumbing, Appliances Installation and Repair Services in GTA"		"Ashcare - Electrical, Plumbing, Appliances Installation and Repair Services in GTA"	6477824178	https://ashcare.ca/
Harwell Electric Supply Co Ltd		Harwell Electric Supply Co Ltd	9054562622	http://www.harwellelectric.com/
Renforth Electrical Services		Renforth Electrical Services	4164180796	http://renforthelectric.com/
Blue Electrical INC		Blue Electrical INC	6478019983	https://www.blueelectric.ca/
Danmar Electric Limited		Danmar Electric Limited	9055950545	http://www.danmarelectric.ca/
RBS Renovation		RBS Renovation	6479147369	http://rbsrenovation.com/
The Electrical Works Ltd.		The Electrical Works Ltd.	4162520561	http://electrical-works.ca/
prime heating & cooling services		prime heating & cooling services	6479673877	https://primeheatingcooling.ca/
OHM LED ELECTRIC		OHM LED ELECTRIC	6476574586	https://www.ohmledelectric.com/
City Electric Supply Brampton		City Electric Supply Brampton	9054527752	http://www.cityelectricsupply.ca/
O.T Home Decor & Renovations		O.T Home Decor & Renovations	6472713874	http://www.othomerenovations.com/
Modern Niagara		Modern Niagara	4167483882	http://modernniagara.com/
Ready and Easy Electric		Ready and Easy Electric	6478212729	https://readyandeasyelectric.com/
Elcolem		Elcolem	4168023020	http://www.elcolem.com/
Cirtech Electric		Cirtech Electric	4162204740	https://www.cirtechelectric.com/
Truck Rental at The Home Depot		Truck Rental at The Home Depot	9054533900	https://www.homedepot.ca/en/home/tool-and-vehicle-rental/truck-and-van-rental-faq.html?utm_source=google&utm_medium=organic&utm_campaign=local&utm_content=TRUCK7301
Truck Rental at The Home Depot		Truck Rental at The Home Depot	9057925431	https://www.homedepot.ca/en/home/tool-and-vehicle-rental/truck-and-van-rental-faq.html?utm_source=google&utm_medium=organic&utm_campaign=local&utm_content=TRUCK7110
Mr. Potlight - Pot Light Installation Service		Mr. Potlight - Pot Light Installation Service	4167024401	http://www.mrpotlight.com/
Truck Rental at The Home Depot		Truck Rental at The Home Depot	9054942206	https://www.homedepot.ca/en/home/tool-and-vehicle-rental/truck-and-van-rental-faq.html?utm_source=google&utm_medium=organic&utm_campaign=local&utm_content=TRUCK7239
HBH Electrical		HBH Electrical	4166661000	http://www.zerovolt.ca/
Bolton Electric Company Incorporated		Bolton Electric Company Incorporated	9059513333	http://www.boltonelectric.com/
Hogg & Nevills Electric		Hogg & Nevills Electric	9058432358	https://www.hoggandnevillselectric.com/
Panson Electric		Panson Electric	9059516112	http://www.panson.ca/
Rego Electric		Rego Electric	6476141540	https://regoelectric.business.site/?utm_source=gmb&utm_medium=referral
Quantum Electrical Contracting Ltd.		Quantum Electrical Contracting Ltd.	6478395459	https://quantum-electrical-contracting-ltd.business.site/?utm_source=gmb&utm_medium=referral
Davidson's Electrical Service Inc		Davidson's Electrical Service Inc	5199431159	http://www.davidsonselectrical.ca/
Gatt Electric Ltd		Gatt Electric Ltd	5199429325	https://www.gattelectric.ca/
Solo Electric Ltd		Solo Electric Ltd	4169847656	http://www.soloelectric.ca/
Waltec Electrical Services Ltd		Waltec Electrical Services Ltd	9059512922	http://www.waltecelectrical.com/
Sanjo Construction Inc		Sanjo Construction Inc	6477710074	http://www.sanjoconstructioninc.com/
Sgt Electric Ltd		Sgt Electric Ltd	9058380433	http://sgtelectric.com/
J K Electric		J K Electric	5199412813	http://www.jk-electric.ca/
Tybrad Electric Ltd (1986)		Tybrad Electric Ltd (1986)	9058571797	https://tybrad.com/
ElectricDr		ElectricDr	9057691411	https://electricdr.ca/
Bolton Electrical & Lighting Supply		Bolton Electrical & Lighting Supply	9058574445	https://boltonelectricalsupply.com/
Cali Electric Inc.		Cali Electric Inc.	6475546901	https://cali-electric.business.site/?utm_source=gmb&utm_medium=referral
Salson Electric Limited		Salson Electric Limited	9057609018	http://www.salsonelectric.com/
Professional Electrical Services		Professional Electrical Services	6472584223	http://professional-electrical.ca/
TiPro Electric Corp.		TiPro Electric Corp.	4165663837	http://tiproelectric.ca/
Arc Electrical		Arc Electrical	9058160234	http://www.arcelectrical.ca/
Alliance Electrical & Automation Inc.		Alliance Electrical & Automation Inc.	18339606787	https://automationelectrician.ca/
R&H Electric		R&H Electric	6472589557	http://www.rhelectrical.ca/
Humber Electrical Limited		Humber Electrical Limited	6479967691	http://mylocalelectrician.ca/
Solution Electric		Solution Electric	4166954377	http://www.solutionelectric.ca/
ZSD Electric		ZSD Electric	9059978834	https://zsdelectric.ca/
Longhouse Electric		Longhouse Electric	6475888120	https://longhouseelectric.ca/
B-Safe Electric Ltd		B-Safe Electric Ltd	9058727233	http://www.b-safeelectric.ca/
THRUSH CONSTRUCTION & ELECTRICAL		THRUSH CONSTRUCTION & ELECTRICAL	9058776868	http://www.thrushce.com/
Bogdan Electric Ltd		Bogdan Electric Ltd	4164549675	https://www.bogdanelectric.com/
World Wide Electric Inc		World Wide Electric Inc	9057123622	http://wwe.ca/
Sigma Electric		Sigma Electric	4168770372	https://www.sigmaelectric.ca/
Mirek Electric		Mirek Electric	4165430505	http://www.mirekelectric.com/
Green Source Electrical		Green Source Electrical	6477938927	http://www.greensourcelectricaltoronto.com/
Storm Electric Inc.		Storm Electric Inc.	6474772222	http://storm-electric.com/
Tristar Electric Inc		Tristar Electric Inc	9056701642	http://www.tristarelectric.ca/
Vasco Electric Limited		Vasco Electric Limited	6479233386	http://vascoelectric.ca/
R.M. Elecrtical Services		R.M. Elecrtical Services	6475007647	http://www.rmelectrical.ca/
A to Z Electrical		A to Z Electrical	4169395526	http://atozelectrical.ca/
AC Contracting		AC Contracting	9052722230	http://www.accontractinginc.ca/
H & G Control Company		H & G Control Company	9052385554	http://www.handgcontrol.com/
Mesh Electric		Mesh Electric	4168882804	https://meshelectric.com/
The State Group Inc.		The State Group Inc.	9056722772	http://www.stategroup.com/
Ridgewood Electric Limited		Ridgewood Electric Limited	9054542721	http://ridgewood-electric.com/
Deltro Electric Ltd.		Deltro Electric Ltd.	18008661109	https://deltro.ca/
The State Group Inc		The State Group Inc	9058138062	https://stategroup.com/
Musico Electric Contractors		Musico Electric Contractors	4162593331	https://musicoelectric.com/
Williams & Prior Ltd		Williams & Prior Ltd	4162595120	https://williamsandprior.com/
GMG Engineering		GMG Engineering	9056021802	http://www.gmgeng.com/
Hi-Lite Electric Inc		Hi-Lite Electric Inc	4162419296	https://www.hi-liteelectricinc.ca/?utm_source=gmb&utm_medium=organic
Magneto Electric Service Company		Magneto Electric Service Company	9056259450	http://www.magnetoelectric.com/
QuickFast Service Company		QuickFast Service Company	4166293213	https://www.quickfast.ca/
Avers Electric		Avers Electric	6479865793	https://www.averselectric.com/
"Reliance Heating, Air Conditioning & Plumbing"		"Reliance Heating, Air Conditioning & Plumbing"	9055692642	https://reliancehomecomfort.com/mississauga/?utm_source=google&utm_medium=organic&utm_campaign=gmb
Lawson Electric Inc		Lawson Electric Inc	4167869256	https://lawsonelectric.ca/
Contact Electrical Services Inc.		Contact Electrical Services Inc.	6475627348	http://contactelectricalservices.ca/
DiagnoTech Inc		DiagnoTech Inc	9059168324	http://www.diagnotech.ca/
Rev-Amp Electrical Equipment Ltd.		Rev-Amp Electrical Equipment Ltd.	18003590066	http://www.revampelectrical.com/
dbs		dbs	4162557370	http://www.dbsair.com/
ADM Electrical Services Ltd.		ADM Electrical Services Ltd.	9057814450	https://admelectrical.ca/
Kentech Automation Inc		Kentech Automation Inc	9056737772	http://www.kentechautomation.com/
Powerful Group of Companies Inc.		Powerful Group of Companies Inc.	18007428046	http://www.pgcservice.com/
City Centre Interior Contractors Ltd		City Centre Interior Contractors Ltd	9058247392	http://citycentrecontractors.ca/
Home Services at The Home Depot		Home Services at The Home Depot	2892126836	https://stores.homedepot.ca/on/mississauga/home-services/?utm_source=google&utm_medium=organic&utm_campaign=local&utm_content=HS7132
North Electric		North Electric	7053503300	http://kawarthalakeselectrical.ca/
Skilled Trades College of Canada - Mississauga Campus		Skilled Trades College of Canada - Mississauga Campus	9056141444	https://skilledtradescollege.ca/mississauga-campus/?utm_source=GMB_Mississauga&utm_medium=organic
DeMan Construction Corp		DeMan Construction Corp	9052770363	https://www.demancorp.com/
Intell Electrical INC		Intell Electrical INC	6477811848	https://www.intellelectricalinc.com/
Green Electric Solutions Inc.		Green Electric Solutions Inc.	4164737640	http://greenelectrics.ca/
Mead Electric		Mead Electric	9057275201	http://www.meadelectric.ca/
Dr. pot light		Dr. pot light	6477797775	http://www.drpotlight.com/
EZSMART CORPORATION		EZSMART CORPORATION	4168389006	http://www.ezsmart.ca/
R A Graham Contractors		R A Graham Contractors	9057631701	https://www.ragraham.ca/
MBL Electrical Services		MBL Electrical Services	9055317370	http://mblelectric.com/
Redtech Electric		Redtech Electric	4169398910	http://www.redtechelectric.com/
Electrikz		Electrikz	2892219083	https://www.electrikz.com/
Electric MD		Electric MD	9058954272	http://electricmd.ca/
Bulldog Generators		Bulldog Generators	9056423592	http://www.bulldoggenerators.com/
Master Electric Inc.		Master Electric Inc.	9057167755	http://www.masterelectric.ca/
PK Electrical Services		PK Electrical Services	6473847872	https://www.pkelectrical.ca/
MDC Electric		MDC Electric	4162771235	https://mdcelectric.ca/?utm_source=google&utm_medium=organic&utm_campaign=gbp
24/7 Electrical Service Inc		24/7 Electrical Service Inc	6479646730	http://www.247electricalservice.ca/
Mann Electric Company Ltd		Mann Electric Company Ltd	9058988900	http://mannelectric.ca/
The Home Depot		The Home Depot	9057264500	https://stores.homedepot.ca/on/aurora/home-improvement-aurora-on-7135.html?utm_source=google&utm_medium=organic&utm_campaign=local&utm_content=7135
Ontarget Electric		Ontarget Electric	2893382734	https://ontargetelectric.ca/
Warning Electrical Services		Warning Electrical Services	17166527753	http://www.warningelectric.com/
Electric FX		Electric FX	9057172391	http://electricfx.ca/
ConstCorp Electric		ConstCorp Electric	6477875704	http://constcorp.ca/
Pine Lane Electric Ltd.		Pine Lane Electric Ltd.	7052389779	https://www.pinelaneelectric.com/
Master Power City Inc		Master Power City Inc	6472808760	https://masterpowercity.wixsite.com/website
SafeWire Electrical		SafeWire Electrical	4169917979	http://safe-wire-electrical.com/
Potlight Decor		Potlight Decor	6472194522	http://www.potlightdecor.com/
Sky Energy Solutions Inc.		Sky Energy Solutions Inc.	18775285153	http://www.skyenergysolutions.ca/
Andrew Van Pelt Electric Ltd.		Andrew Van Pelt Electric Ltd.	9058958005	http://www.avpelectric.ca/
Eureka Contracting		Eureka Contracting	6478669414	https://eureka-contracting.business.site/
Unique Potlight		Unique Potlight	4168024190	https://uniquepotlight.ca/
Jeff Mackie Electric Ltd.		Jeff Mackie Electric Ltd.	9052524991	http://jeffmackieelectric.com/
ON Energy/Panel upgrade specialists/EV chargers Installation		ON Energy/Panel upgrade specialists/EV chargers Installation	6472627379	http://www.electricianintoronto.ca/
WIRED UP ELECTRICAL SERVICES INC.		WIRED UP ELECTRICAL SERVICES INC.	4165007622	http://www.wiredupservices.ca/
Mystical Knights		Mystical Knights	2892316714	https://mystical-knights.business.site/
Enerpower Electric Ltd.		Enerpower Electric Ltd.	4164603149	https://www.enerpowerelectric.com/
Kor Electric		Kor Electric	9058539401	http://www.korelectric.ca/
Solid Connections Electrical		Solid Connections Electrical	9059604084	http://facebook.com/solidconnectionselectrical
McKinney Electric Limited		McKinney Electric Limited	9058309051	http://www.mckinneyelectric.ca/
Claymore Electrical Services		Claymore Electrical Services	9059674862	http://www.claymoreelectrical.com/
"Nedco - Newmarket, ON"		"Nedco - Newmarket, ON"	9058360900	https://www.nedco.ca/cnd/Newmarket/store/K-WR
Goldwing electrical ltd		Goldwing electrical ltd	6476762921	http://www.goldwingelectrical.com/
Effect Electric Ltd.		Effect Electric Ltd.	4165087725	https://effectelectric.com/
MV Electric		MV Electric	4165617448	http://mvelectric.ca/
MEC Electric Inc.		MEC Electric Inc.	4168916436	http://www.mecelectric.ca/
JS Home Services		JS Home Services	9059541513	http://www.js-homeservices.ca/
Paar Electric		Paar Electric	4168941044	https://paar-electric.business.site/
Penmar Automation Inc		Penmar Automation Inc	9058368103	https://penmarautomation.com/
Caspian Control Systems		Caspian Control Systems	6476578636	https://caspian-control-systems.business.site/?utm_source=gmb&utm_medium=referral
LA Plus Electrical Contracting Inc		LA Plus Electrical Contracting Inc	6475394552	http://lapluselectrical.ca/
Sturdy Power Lines		Sturdy Power Lines	9057756829	https://splhv.ca/
Andrew Electric		Andrew Electric	7057949846	http://www.andrew-electric.ca/
J¡¯s Electric		J¡¯s Electric	9057166600	https://js-electric-electrician.business.site/?utm_source=gmb&utm_medium=referral
Electrical Elite Inc.		Electrical Elite Inc.	6479300052	https://electricalelite.ca/?utm_campaign=gmb
All Electrical Service		All Electrical Service	4163578614	https://all-electrical-service.com/
Techking Electrical Services		Techking Electrical Services	4165055453	http://www.techking.ca/
Paynel Electrical Contractors		Paynel Electrical Contractors	9059361105	https://paynel.ca/
Motor Works & Electrical Power Equipment Finders Inc		Motor Works & Electrical Power Equipment Finders Inc	9058984272	http://www.electpwrquip.com/
Rare Electrical Service Corp.		Rare Electrical Service Corp.	6472362374	http://rareelectrical.ca/
Electricians Richmond Hill		Electricians Richmond Hill	2892164688	https://www.electriciansrichmondhill.ca/
The Home Depot		The Home Depot	9058980090	https://stores.homedepot.ca/on/newmarket/home-improvement-newmarket-on-7030.html?utm_source=google&utm_medium=organic&utm_campaign=local&utm_content=7030
Innovation Electric Inc.		Innovation Electric Inc.	4166703478	http://www.innovationelectricinc.com/
Wilson High Voltage Inc		Wilson High Voltage Inc	9057732400	http://www.wilsonhighvoltage.com/
Eco Icon Inc | Heating & Air Conditioning		Eco Icon Inc | Heating & Air Conditioning	6472012623	https://ecoicon.ca/?utm_source=gmb&utm_medium=organic
705 Electric		705 Electric	7055003535	http://www.705electric.com/
Speedy Electric Contractors Ltd		Speedy Electric Contractors Ltd	9052642344	http://www.speedyelectric.ca/
Enercare		Enercare	7053044930	https://www.enercare.ca/locations/peterborough?utm_source=GMB&utm_medium=organic&utm_campaign=local-pack
ProElectric Contractors Inc.		ProElectric Contractors Inc.	6478311666	http://www.goproelectric.com/
Okeylamp		Okeylamp	18559556539	http://okeylamp.com/
Datom Group Ltd.		Datom Group Ltd.	9059391074	https://datomgroup.ca/
Asa Electric Ltd.		Asa Electric Ltd.	6479815534	http://asaelectricltd.ca/
A4 Group		A4 Group	6472488984	http://a4group.ca/
Green Electrical Inc | Electricians Toronto		Green Electrical Inc | Electricians Toronto	4168876088	http://greenelectricalinc.ca/
Inspec Homes Home Inspector Keswick - Rob Ranieri		Inspec Homes Home Inspector Keswick - Rob Ranieri	9052513455	https://www.inspechomes.com/home-inspectors/RobertRanieri
Sturdy Electric		Sturdy Electric	4167881622	http://www.sturdyelectric.ca/
Master Electric Inc.		Master Electric Inc.	7053218299	http://www.masterelectric.ca/
J.T.E.C. Electric		J.T.E.C. Electric	7052796723	http://www.jtecelectric.ca/
Nu-Tek Electric		Nu-Tek Electric	7054581083	https://www.googleadservices.com/pagead/aclk?sa=L&ai=DChcSEwi0pPy1_t37AhWC8uMHHY-bDSUYABAIGgJ5bQ&ohost=www.google.com&cid=CAASE-RoSkMtPSD4fkqAFpQg1WecHT4&sig=AOD64_0qXFdEqbdl9GDqr-dRzc1keHqzBw&q=&ctype=99&ved=2ahUKEwjJ_fG1_t37AhX0mYkEHTW5CeQ4FBCErAF6BAgBECw&adurl=
My Electrician Inc.		My Electrician Inc.	7054873644	http://myelectrician.ca/
PAVOL LTD		PAVOL LTD	6472195112	https://pavol.ca/
B.E.R. ELECTRICAL CONTRACTING INC.		B.E.R. ELECTRICAL CONTRACTING INC.	7058165538	https://www.berelectrical.com/
RU Electric Ltd.		RU Electric Ltd.	7053530332	http://www.ruelectric.ca/
Dave's Electrical Services		Dave's Electrical Services	7057945618	http://daveselectricalservices.com/
Georgian Electrical Contractors Ltd		Georgian Electrical Contractors Ltd	7057220600	http://www.georgianelectric.com/
Wallwin Electric Services Ltd		Wallwin Electric Services Ltd	7057261859	http://www.electricalcontractorbarrie.ca/
Loudon Electric		Loudon Electric	7053053786	http://www.loudonelectric.ca/
Triple M Electric Electrician		Triple M Electric Electrician	2899233541	https://www.facebook.com/profile.php?id=100063805440014
Ontario Electric Works		Ontario Electric Works	7058179473	http://www.ontarioelectricworks.com/
Future Core Electric		Future Core Electric	7057700194	https://futurecoreelectric.com/
B G Currie Electrical Services		B G Currie Electrical Services	7054584358	https://www.bgcurrieelectrical.ca/
Wally's Electrical Service ECRA ESA 7014447		Wally's Electrical Service ECRA ESA 7014447	7057252021	https://wallyselectricalservice.business.site/?utm_source=gmb&utm_medium=referral
The Shock Doctors		The Shock Doctors	7057283932	http://www.theshockdoctors.ca/
Maple Electric Inc.		Maple Electric Inc.	7057962740	http://mapleelectric.ca/
The Shock Doctors		The Shock Doctors	7053264333	http://www.theshockdoctors.ca/
Beac-On Group Electrical Contractor		Beac-On Group Electrical Contractor	7053095951	http://www.beacongroup.ca/
Mykon Electric North		Mykon Electric North	7052523429	https://www.mykonnorth.com/
Hotwire Electric		Hotwire Electric	4165535533	https://hotwire-electric.com/
Crawford Electrical Contracting Inc.		Crawford Electrical Contracting Inc.	4169101169	http://www.crawfordelectrical.ca/
Hotwire Electric		Hotwire Electric	4165585355	https://hotwire-electric.com/
K Dell Electrical		K Dell Electrical	9059362399	http://www.kdellelectrical.com/
Earth Electric		Earth Electric	7057151161	http://www.earthelectric.ca/
Sparks Electrical Contracting		Sparks Electrical Contracting	7053339869	http://sparksec.ca/
Enslen Electric Inc		Enslen Electric Inc	7057270999	https://enslenelectric.ca/
Reliance home improvement 168		Reliance home improvement 168	6478388298	https://reliance-home-improvement.business.site/?utm_source=gmb&utm_medium=referral
Sunny Electrical Contractors Ltd		Sunny Electrical Contractors Ltd	4168047484	http://sunnyelectrical.ca/
Brotec Electrical Inc		Brotec Electrical Inc	4168544326	http://brotecelectrical.com/
KVA ELECTRICAL SYSTEMS LTD.		KVA ELECTRICAL SYSTEMS LTD.	9056694584	https://kvaelectric.ca/
Electrician in Woodbridge		Electrician in Woodbridge	6479325666	https://sites.google.com/site/electricianinbrampton/
All Electrical		All Electrical	9059308999	https://allelectricall.ca/
Hank's Electric		Hank's Electric	9053043000	http://www.hanksandson.com/
Elecomp		Elecomp	4168316434	http://www.elecomp.ca/
L K Electric		L K Electric	4165051115	http://www.electricservicestoronto.com/
Tron Electrical & Automation		Tron Electrical & Automation	6479331736	https://tronelectrical.com/?utm_source=google&utm_medium=organic&utm_campaign=gmb-listing
Nearby Electrician (ACDC Electrical Tech)		Nearby Electrician (ACDC Electrical Tech)	4166666484	http://carchargertoronto.com/?utm_source=gmb&utm_medium=referral
Electro King Electric		Electro King Electric	9059770968	http://sites.google.com/electroking.ca/info/home
Wire & Power Electrical Services		Wire & Power Electrical Services	4168770138	http://wireandpower.ca/
Eco-Power Electrical Company Limited		Eco-Power Electrical Company Limited	18004119450	http://www.ecopowerelectric.ca/
HOMElectric		HOMElectric	4168570186	https://homelectric.ca/
EDISON ELECTRICAL CONTRACTOR		EDISON ELECTRICAL CONTRACTOR	4167224724	http://torontoelectrician.wordpress.com/
Egorland Electrical Contracting Inc.		Egorland Electrical Contracting Inc.	18002423540	http://www.egorland.ca/
Toronto PotLight Inc		Toronto PotLight Inc	4165092740	https://torontopotlightinc.com/
Hi-Tech Electrical Works		Hi-Tech Electrical Works	6474036323	https://hi-tech-electrical-works.business.site/
Voltaset Prime Electric		Voltaset Prime Electric	4168370371	http://voltaset.co/
Wireology Inc.		Wireology Inc.	9059297283	http://www.wireology.ca/
Atticus Electric		Atticus Electric	4165578666	http://www.atticuselectric.com/
Aptech Plus		Aptech Plus	6476087715	http://aptechplus.com/
No Radiation Inc.		No Radiation Inc.	4162233773	http://www.noradiation.ca/
Reactance Electrical Services Limited		Reactance Electrical Services Limited	9053038944	https://www.reactanceelectrical.ca/
Electrical Apprentice Training Alliance		Electrical Apprentice Training Alliance	9058826484	https://electricalapprenticeship.ca/
CIVIL ELECTRIC Inc.		CIVIL ELECTRIC Inc.	4167009474	http://civilelectric.ca/
EMV Electrical Contracting		EMV Electrical Contracting	9055489119	http://emvelectrical.ca/
J & J Electric		J & J Electric	4166605980	http://www.j-jelectric.ca/
Green Techno Electric Inc.		Green Techno Electric Inc.	4168318842	http://www.gteinc.ca/
Fortis Electric Ltd		Fortis Electric Ltd	9057871511	http://www.fortiselectric.com/
Pro-Tek Electric		Pro-Tek Electric	9058811997	https://protekelectric.com/
Everbrite Industries Ltd		Everbrite Industries Ltd	4162848168	http://www.everbrite.ca/
"King Electrical Services, Inc."		"King Electrical Services, Inc."	13363629394	http://kingelectricalservicesinc.com/
Cable Contractors Corporation		Cable Contractors Corporation	4168254395	https://cablecc.ca/
King Painter Maintanence and Renovation INC		King Painter Maintanence and Renovation INC	4162722254	https://kingpainter.ca/
Summit Contractors		Summit Contractors	6475332940	https://www.summitcontractors.ca/
J B Controls		J B Controls	9055627011	http://jbcontrols.ca/
IMAS Electric | Electrician Richmond Hill		IMAS Electric | Electrician Richmond Hill	5488001912	https://licensedelectriciantoronto.ca/
J's auto electrical		J's auto electrical	6476463454	https://js-auto-electrical.business.site/?utm_source=gmb&utm_medium=referral
Conestogo Electric Inc		Conestogo Electric Inc	5197486740	http://www.conestogo.on.ca/
King Electricians		King Electricians	4.47903E+11	https://kingelectricians.co.uk/
King's Electrical Services		King's Electrical Services	7096933374	http://kingselectricalservices.ca/
Molto Bene Handyman Services		Molto Bene Handyman Services	4165706574	http://moltobenehandyman.com/
King Electric LLC		King Electric LLC	19708295464	https://kingelectricllc.com/?utm_source=local&utm_medium=organic&utm_campaign=gmb
Altman's Electrical Inc		Altman's Electrical Inc	6475030422	https://www.googleadservices.com/pagead/aclk?sa=L&ai=DChcSEwi13des_937AhVLssgKHWAaALcYABAAGgJxdQ&ohost=www.google.com&cid=CAASE-RoY_2twJagq22Fdt059JEk9Ao&sig=AOD64_02U3HAMMpJmykSp417r7ufo932hw&q=&ctype=99&ved=2ahUKEwjOq8-s_937AhUmlXIEHa1eAbgQhKwBegQIBBAU&adurl=
Signature Electric Ltd		Signature Electric Ltd	4164908093	http://signatureelectric.ca/
Quality Potlight		Quality Potlight	6476807589	http://www.qualitypotlight.ca/
Stevens & Black Electrical Contractors Ltd		Stevens & Black Electrical Contractors Ltd	9054791885	http://www.stevensblack.com/
TACSA Electric Inc.		TACSA Electric Inc.	6478600940	https://tacsaelectric.ca/
Nadir Electric Ltd		Nadir Electric Ltd	4167573639	http://www.nadirelectric.ca/
AD Electric		AD Electric	6478913765	http://adelectric.ca/contact-us/
BP Electric Company		BP Electric Company	9054722827	http://bpelectric.ca/
Bronson Electric Co Ltd		Bronson Electric Co Ltd	9054778641	http://bronsonelectric.ca/contact.asp
Direct Electric		Direct Electric	4168904800	http://directelectricc.com/
Wesco Distribution Canada		Wesco Distribution Canada	9054156100	https://buy.wesco.ca/
HRM Electrical Inc		HRM Electrical Inc	4165541698	http://hrmelectrical.com/
Electric Group Limited		Electric Group Limited	4162460024	http://electricgroup.ca/
ETP co. Electrical Services		ETP co. Electrical Services	6475172443	https://bluearaz.business.site/?utm_source=gmb&utm_medium=referral
Trace Electric and Trace Fire Protection		Trace Electric and Trace Fire Protection	9054150300	https://www.trace-electric.com/
Buxton And Dawe Ltd		Buxton And Dawe Ltd	9054772009	https://buxtonanddawe.com/
Harp Electric Ltd		Harp Electric Ltd	9054713028	http://harpelectric.ca/
Daliran Electric		Daliran Electric	4168446020	http://www.daliranelectric.com/
XPRESS ELECTRICAL AND MAINTENANCE		XPRESS ELECTRICAL AND MAINTENANCE	4164711110	http://xpresselectrical.ca/
Tech Digital Manufacturing Ltd		Tech Digital Manufacturing Ltd	9055138094	http://techdigital.ca/contact
Hunter and Sniper Electric Inc		Hunter and Sniper Electric Inc	4165672077	http://www.hselectrician.com/
RPG Electric Ltd		RPG Electric Ltd	9054742723	http://www.rpgelectric.com/
Regal Electrical Services Ltd.		Regal Electrical Services Ltd.	4379890685	https://www.regalelectricalservices.com/
BN1 Electrical Solutions inc		BN1 Electrical Solutions inc	6475673720	http://bn1electrical-solutions-inc.business.site/
PowerLink Electric Inc.		PowerLink Electric Inc.	6475271188	http://www.powerlinkelectric.ca/
Nema Electric Inc.		Nema Electric Inc.	6472488747	http://www.nemaelectric.ca/
Cantam Electricals		Cantam Electricals	4165677737	http://www.instagram.com/cantamelectricals
Canadian Electrical Services		Canadian Electrical Services	9054740777	http://www.cestransformers.com/
SORENA ELECTRIC		SORENA ELECTRIC	4379717273	http://sorenaelectric.com/
Condo Potlight		Condo Potlight	6473304050	http://condopotlight.ca/
Smart Charge Canada		Smart Charge Canada	6477176278	http://www.smartchargecanada.com/
K-Line International		K-Line International	9059479950	https://k-line.ca/
QBC ELECTRIC INC.		QBC ELECTRIC INC.	4372184229	https://qbc-electric-inc.business.site/?utm_source=gmb&utm_medium=referral
Foretech Electric		Foretech Electric	9057800995	http://foretechelectric.ca/
CMS Group LTD.		CMS Group LTD.	4166099992	http://cmsgroup.com/
ACCELERATION ELECTRICAL SERVICES INC.		ACCELERATION ELECTRICAL SERVICES INC.	4168334133	https://www.cellelectrical.ca/
Camtech Electric Inc Richmond Hill		Camtech Electric Inc Richmond Hill	4168572007	https://camtech-electric-inc-richmond-hill.business.site/
At Home Electric		At Home Electric	6479629187	https://athome-electric.ca/
"Nedco - Markham, ON"		"Nedco - Markham, ON"	9054757602	https://www.nedco.ca/cnd/Markham/store/I-WR
Alkon Electric Inc		Alkon Electric Inc	4168820852	http://www.alkonelectric.com/
Hotwire Electric		Hotwire Electric	9052375305	http://hotwire-electric.com/
Safe Service Electrical		Safe Service Electrical	6472092025	http://www.safeservice.ca/
KOMNI ELECTRIC		KOMNI ELECTRIC	6476497567	https://www.komnielectric.ca/
Lumi¨¨re Electrical Contracting		Lumi¨¨re Electrical Contracting	6473852680	https://lumiec.ca/
K-Line Insulators Limited		K-Line Insulators Limited	4162922008	https://www.k-line.net/
Orient Display North America Ltd		Orient Display North America Ltd	9054771166	https://www.orientdisplay.com/
ECH Agency Inc.		ECH Agency Inc.	9058873896	http://www.ech-agency.com/
HL Electric Inc		HL Electric Inc	4167507790	http://www.hlelectric.ca/
CAS Design & Renovation		CAS Design & Renovation	6478863318	http://cascontracting.ca/
The Home Depot		The Home Depot	9052012590	https://stores.homedepot.ca/on/markham/home-improvement-markham-on-7136.html?utm_source=google&utm_medium=organic&utm_campaign=local&utm_content=7136
The Home Depot		The Home Depot	9052015500	https://stores.homedepot.ca/on/markham/home-improvement-markham-on-7262.html?utm_source=google&utm_medium=organic&utm_campaign=local&utm_content=7262
Mapleplus Electric Inc.		Mapleplus Electric Inc.	4164000871	http://www.mapleplusec.ca/
Mr. Heat Mechanical Inc.		Mr. Heat Mechanical Inc.	9057071299	https://www.mrheatmechanical.com/
AMP Power Ltd.		AMP Power Ltd.	9055970704	http://amppower.ca/
Electron Contracting Corp		Electron Contracting Corp	6477298696	http://www.electroncontracting.ca/
The Home Depot		The Home Depot	9059405900	https://stores.homedepot.ca/on/markham/home-improvement-markham-on-7004.html?utm_source=google&utm_medium=organic&utm_campaign=local&utm_content=7004
Pro A&R Renovation Group Inc		Pro A&R Renovation Group Inc	4166624450	http://www.ar-renovation.com/
Hi Tech Electric		Hi Tech Electric	4168347679	http://www.hitechelectrical.ca/
Archronix		Archronix	9055139160	http://www.archronix.com/
United Contact 1985 Inc		United Contact 1985 Inc	4162971770	https://www.unitedcontact.com/
Geebo Electric		Geebo Electric	4169084779	https://www.geeboelectric.com/
Auxe		Auxe	6479779707	http://auxe.ca/
Truck Rental at The Home Depot		Truck Rental at The Home Depot	9059400348	https://www.homedepot.ca/en/home/tool-and-vehicle-rental/truck-and-van-rental-faq.html?utm_source=google&utm_medium=organic&utm_campaign=local&utm_content=TRUCK7004
ProPhase Ltd.		ProPhase Ltd.	4166366060	https://www.prophase.ca/
Custom Home Electronics		Custom Home Electronics	4163464200	https://customhomeelectronics.ca/contact-us
Enercare		Enercare	9054181032	https://www.enercare.ca/locations/newmarket?utm_source=GMB&utm_medium=organic&utm_campaign=local-pack
Canco ClimateCare Heating & Air Conditioning		Canco ClimateCare Heating & Air Conditioning	9058983912	https://www.cancoclimatecare.com/?utm_source=google&utm_medium=organic&utm_campaign=gbp
Terry McCloskey Electric 1979 Ltd		Terry McCloskey Electric 1979 Ltd	9059392529	http://mccloskeyelectric.com/
Electrical Hub Inc.		Electrical Hub Inc.	6479944411	https://electrical-hub-inc.business.site/?utm_source=gmb&utm_medium=referral
SiteTech Electrical INC		SiteTech Electrical INC	6479393239	https://sitetechelectrical.com/
City Electric Supply Newmarket		City Electric Supply Newmarket	9059539960	http://www.cityelectricsupply.ca/
Altman's Electrical Inc		Altman's Electrical Inc	4165730422	http://www.altmanselectrical.ca/
Mazda Electric		Mazda Electric	4166487784	http://www.mazdaelectric.ca/
Truck Rental at The Home Depot		Truck Rental at The Home Depot	9058984185	https://www.homedepot.ca/en/home/tool-and-vehicle-rental/truck-and-van-rental-faq.html?utm_source=google&utm_medium=organic&utm_campaign=local&utm_content=TRUCK7030
Bond Electric		Bond Electric	6475302704	http://www.bondelectric.ca/
Net Electric		Net Electric	9057377760	https://net-electric.com/
IVR Electrical		IVR Electrical	6476862310	https://www.ivr-electrical.ca/
nupower inc		nupower inc	4168995563	http://www.nupower.ca/
Electric & Gas Solutions		Electric & Gas Solutions	4163995833	http://www.electricandgas.ca/
Circuit Energy Inc.		Circuit Energy Inc.	18668954545	http://circuitenergy.ca/
Symtech Innovations Ltd.		Symtech Innovations Ltd.	18886206341	http://www.symtech.com/
"Reliance Heating, Air Conditioning & Plumbing"		"Reliance Heating, Air Conditioning & Plumbing"	9057700011	https://reliancehomecomfort.com/richmond-hill/?utm_source=google&utm_medium=organic&utm_campaign=gmb
RAH Electrical Corp.		RAH Electrical Corp.	6472855350	https://rahelectric.ca/
Herma Motor Svc		Herma Motor Svc	9057092396	http://www.herma.ca/
Boz Electric Supply Ltd.		Boz Electric Supply Ltd.	9055082199	http://www.bozelectric.com/
Starlit electric LTD		Starlit electric LTD	6478715555	http://www.starlitltd.ca/
The Home Depot		The Home Depot	9057877200	https://stores.homedepot.ca/on/richmondhill/home-improvement-richmondhill-on-7161.html?utm_source=google&utm_medium=organic&utm_campaign=local&utm_content=7161
CAF Electric		CAF Electric	9058848545	https://cafsales.wixsite.com/home
Farad Electric Inc.		Farad Electric Inc.	4164524851	https://www.faradelectric.net/contact/
Naylor Building Partnerships Inc.		Naylor Building Partnerships Inc.	9057640913	http://www.naylorbp.com/
"House Depot - Heating, Air Conditioning, and Electrical"		"House Depot - Heating, Air Conditioning, and Electrical"	4168229030	https://housedepot.ca/
Platinum Electrical Contractors Inc | Generac Generators		Platinum Electrical Contractors Inc | Generac Generators	9057617647	https://generatorexperts.ca/?utm_source=Google%20My%20Business&utm_medium=GMB&utm_campaign=GMB%20Toronto
Street Brothers Auto Repair		Street Brothers Auto Repair	9058845368	https://streetbrothersautorepair.com/contact-us/
IOB Electric Ltd		IOB Electric Ltd	6478653312	http://iobelectric.ca/
Electrical Contractors Toronto		Electrical Contractors Toronto	4165203195	http://nldcan.com/
Truck Rental at The Home Depot		Truck Rental at The Home Depot	9057877206	https://www.homedepot.ca/en/home/tool-and-vehicle-rental/truck-and-van-rental-faq.html?utm_source=google&utm_medium=organic&utm_campaign=local&utm_content=TRUCK7161
Truck Rental at The Home Depot		Truck Rental at The Home Depot	9057636620	https://www.homedepot.ca/en/home/tool-and-vehicle-rental/truck-and-van-rental-faq.html?utm_source=google&utm_medium=organic&utm_campaign=local&utm_content=TRUCK7106
Ceg Inc		Ceg Inc	9057618657	http://cegroup.ca/
Canadian Electric		Canadian Electric	9056604272	http://canadianelectric.net/
Plumbs Up Plumbing & Drains		Plumbs Up Plumbing & Drains	2892032732	https://www.plumbsup.ca/?utm_campaign=gmb
ITC Electrical Components		ITC Electrical Components	4166637223	https://www.itcproducts.com/
Effective Electrical		Effective Electrical	6478863098	https://effectiveelectrical.ca/?utm_source=GMB&&utm_campaign=Vaughan_effective_electrtical
ProTouch Electrical Inc.		ProTouch Electrical Inc.	2893950147	http://www.pro-touch.ca/
Antech Electrical		Antech Electrical	9056601384	http://antechelectric.com/
Lux Electrical Contracting Inc.		Lux Electrical Contracting Inc.	4169981683	http://www.luxelectrical.ca/
Night Light Inc		Night Light Inc	9057314783	https://nightlightinc.business.site/?utm_source=gmb&utm_medium=referral
City Electric Inc		City Electric Inc	9058562489	http://www.cityelectricinc.ca/
D.A.R.T Electric Ltd		D.A.R.T Electric Ltd	9057615758	https://dartelectricltd.com/
DNG Power Ltd		DNG Power Ltd	6478919178	http://dngpowerltd.com/?utm_source=gmb&utm_medium=referral
Pine Valley Electric Company Ltd		Pine Valley Electric Company Ltd	9058511999	https://pinevalleyelectric.ca/
Urban Electrical Contractors Ltd.		Urban Electrical Contractors Ltd.	9056690280	http://www.urbanelectrical.ca/
City Wide Electrical Ltd.		City Wide Electrical Ltd.	9056600104	http://www.citywideelectrical.ca/business-overview.php
CarmTech Electric Ltd		CarmTech Electric Ltd	9058560100	http://carmtech.com/
Kleinburg Electrical		Kleinburg Electrical	6475271100	https://kleinburg-electrical.business.site/?utm_source=gmb&utm_medium=referral
Duplex Electrical Ltd		Duplex Electrical Ltd	9058514850	http://duplexelectricalltd.com/
Practical Electric Contracting Inc		Practical Electric Contracting Inc	4166631500	http://practicalelectric.ca/
Handyman Connection of Vaughan		Handyman Connection of Vaughan	9058847678	https://www.handymanconnection.com/vaughan/
Vaughan Electrical Supply		Vaughan Electrical Supply	4162137153	https://www.vaughanelectrical.com/
B.J. Electric		B.J. Electric	9057602914	http://www.bjelec.ca/
Durcon Electric		Durcon Electric	9057611834	http://www.durconelectric.com/
Gerrie Electric		Gerrie Electric	4162137111	http://www.gerrie.com/
T&T Power Group		T&T Power Group	18002213432	http://www.ttpowergroup.com/
RYU electric		RYU electric	9054741100	http://www.ryuelectric.com/
Legrand Canada		Legrand Canada	9057389195	http://www.legrand.com/
Zerem Electrical Services		Zerem Electrical Services	4167495666	https://zerem.com/
Alive Electrical Contracting Ltd.		Alive Electrical Contracting Ltd.	4164185348	http://www.aliveelectrical.ca/
Vaughan Auto Electric Ltd		Vaughan Auto Electric Ltd	9056692808	https://www.vaughanautoelectric.com/
Skilled Trades College of Canada - Vaughan Campus		Skilled Trades College of Canada - Vaughan Campus	9052641412	https://skilledtradescollege.ca/vaughan-campus/?utm_source=GMB_Vaughan&utm_medium=organic
J.B. Holden Electrical Services Ltd		J.B. Holden Electrical Services Ltd	4166143500	http://www.jbholden.ca/
OZZ Clean Energy Inc.		OZZ Clean Energy Inc.	9056956829	http://www.ozzsolar.com/
maple handyman care		maple handyman care	4168936489	https://maple-handyman-care.business.site/?utm_source=gmb&utm_medium=referral
JENCO CANADA LED STOUFFVILLE & ELECTRICAL SUPPLIER		JENCO CANADA LED STOUFFVILLE & ELECTRICAL SUPPLIER	9056426112	http://www.jencocanada.ca/
Unionville Heating & Air Conditioning		Unionville Heating & Air Conditioning	9054791290	https://www.unionvilleheating.com/
Trudel & Sons Roofing Ltd		Trudel & Sons Roofing Ltd	9056423515	http://trudelandsons.com/
Hart-Well Electrical Company Ltd		Hart-Well Electrical Company Ltd	4162873308	https://www.hart-well.com/
Contractors Masonry Ltd		Contractors Masonry Ltd	9056420765	http://www.contractorsmasonryltd.com/
Vargas Family Roofing and Exteriors Inc		Vargas Family Roofing and Exteriors Inc	6479932426	http://www.vargasfamilyroofing.com/
Stouffville Garage Doors		Stouffville Garage Doors	9056423217	http://stouffvillegaragedoor.com/
Kelly & Sons		Kelly & Sons	9056493700	http://www.kellyandsons.ca/
Appliance Repair Stouffville		Appliance Repair Stouffville	6476605664	http://www.stouffvilleappliancesrepair.ca/
Trench Limited		Trench Limited	4162988108	https://trench-group.com/
Schell Lumber Home Building Centre		Schell Lumber Home Building Centre	9056403440	https://www.homehardware.ca/en/store/15500
Randy's Refrigeration & Appliances Ltd		Randy's Refrigeration & Appliances Ltd	9056404747	http://randysappliances.ca/
Award Brand Component Sales Ltd		Award Brand Component Sales Ltd	4162990852	http://abcsales.ca/
Evans Electrical Services		Evans Electrical Services	9058502112	http://www.evanselectrical.com/
Mayberry Electric and General Contracting		Mayberry Electric and General Contracting	6478877895	http://www.mayberryelectric.ca/
Delmar Electric		Delmar Electric	5199254037	http://www.delmarelectric.ca/
Groves Electric Inc		Groves Electric Inc	5196473337	http://www.groveselectric.ca/
AMP-TRAK Controls Ltd.		AMP-TRAK Controls Ltd.	5199416740	https://amptrak.com/
Stott Electrical Solutions		Stott Electrical Solutions	5192168200	http://stottes.com/
C.I.D Powerline Electrical and Pole Line Contractors Inc.		C.I.D Powerline Electrical and Pole Line Contractors Inc.	5199415289	http://www.cidpowerline.com/
Mariposa Electric		Mariposa Electric	7058783717	http://mariposaelectric.ca/
Motion Electrical- Heating & Cooling		Motion Electrical- Heating & Cooling	5197876953	http://motionehc.com/
Blais Electric		Blais Electric	5197662940	http://www.blaiselectric.ca/?utm_source=gmb&utm_medium=organic
Home-Pro Electric		Home-Pro Electric	5198858268	https://home-proelectric.com/?utm_source=gmb&utm_medium=referral
EVO Electrical Contracting		EVO Electrical Contracting	6479878830	http://www.evoelectricalcontracting.com/
DHT Electrical Inc.		DHT Electrical Inc.	5198546286	https://dhtelectrical.com/
Jones Electric Of Kitchener Inc.		Jones Electric Of Kitchener Inc.	5197455158	http://joneselectricofkitchener.ca/
Nezz Electric		Nezz Electric	5199283271	http://www.nezzelectric.com/
Electrical Contractors Association of Ontario		Electrical Contractors Association of Ontario	4166753226	http://www.ecao.org/
ROBERTS ELECTRICAL		ROBERTS ELECTRICAL	7055619339	http://www.robertselectrical.ca/
Lancer Electric		Lancer Electric	7057484505	http://www.lancerelectric.ca/
"Brian's Little Electric Inc.,"		"Brian's Little Electric Inc.,"	7052527159	http://www.littleelectric.ca/
Victoria Electric Div. of Harold Stecho		Victoria Electric Div. of Harold Stecho	5195762220	https://stecho.ca/
R A Barnes Electrical Contractors Ltd		R A Barnes Electrical Contractors Ltd	5196492132	https://www.barneselectric.ca/
C & N Electric and Plumbing Ltd		C & N Electric and Plumbing Ltd	6136923284	http://www.cn-electric.ca/
PH Electric		PH Electric	12095591027	https://phelectric.business.site/
Macklin Electric		Macklin Electric	12095869506	https://www.macklinelectric.com/
H & R Electric		H & R Electric	6138803410	https://www.hr-electric.com/
J. Mono Electrical Ltd		J. Mono Electrical Ltd	4.41724E+11	http://www.jmono.co.uk/
Ring Electric Inc.		Ring Electric Inc.	6134214442	https://ringelectric.ca/
City Electric Supply Orangeville		City Electric Supply Orangeville	5199388041	http://www.cityelectricsupply.ca/
Headwaters Heating and Cooling		Headwaters Heating and Cooling	5198064911	https://headwatersheatingandcooling.com/?utm_source=google&utm_medium=organic&utm_campaign=local&utm_content=Orangeville
Hogg & Nevills Electric		Hogg & Nevills Electric	5484903841	https://www.hoggandnevillselectric.com/
Truck Rental at The Home Depot		Truck Rental at The Home Depot	5199407275	https://www.homedepot.ca/en/home/tool-and-vehicle-rental/truck-and-van-rental-faq.html?utm_source=google&utm_medium=organic&utm_campaign=local&utm_content=TRUCK7167
The Home Depot		The Home Depot	9057782100	https://stores.homedepot.ca/on/bradford/home-improvement-bradford-on-7264.html?utm_source=google&utm_medium=organic&utm_campaign=local&utm_content=7264
"West Bradford Electrical Contractors, LLC"		"West Bradford Electrical Contractors, LLC"	14847134393	http://www.westbradfordelectric.com/
PSE Services		PSE Services	9058410442	https://www.pseservices.ca/contact-us
Kiarash Homes		Kiarash Homes	6479784406	http://www.kiarashhomes.com/
Bradford RONA		Bradford RONA	9057753362	https://www.rona.ca/en/store/ontario/bradford/bradford-rona-04925?cm_mmc=organic_search-_-yext-_-gmb-_-website&utm_medium=organic_search&utm_source=yext&utm_campaign=gmb&utm_content=website&y_source=1_OTQzMzkyOC03MTUtbG9jYXRpb24ud2Vic2l0ZQ%3D%3D
Aurora Electric Supply Corporation		Aurora Electric Supply Corporation	9055033532	http://www.auroraelectricsupply.ca/
Bradford Home Hardware		Bradford Home Hardware	9057756355	http://www.bradfordhomehardware.ca/
Zehrs Bradford		Zehrs Bradford	9057781297	https://www.zehrs.ca/store-locator/details/0505?utm_source=G&utm_medium=LPM&utm_campaign=Loblaws
Canadian Tire		Canadian Tire	9057784330	https://www.canadiantire.ca/en/store-details/on/bradford-on-446.html?utm_source=google&utm_medium=lss&utm_content=446
Walmart Supercentre		Walmart Supercentre	9057751610	https://www.walmart.ca/en/stores-near-me/bradford-supercentre-1101?utm_source=local&utm_medium=listings&utm_campaign=sc&cmpid=gmb
"Flex-N-Gate, A Div. of Ventra Group Co."		"Flex-N-Gate, A Div. of Ventra Group Co."	9057787900	http://www.flex-n-gate.com/
Maple Leaf Food		Maple Leaf Food	9057755230	https://www.mapleleaffoods.com/
Avenue Decor Centre		Avenue Decor Centre	9052355548	http://www.avenuedecorcentre.ca/
SIA Heating & Cooling Inc.		SIA Heating & Cooling Inc.	6474823654	http://www.sia-hvac.ca/
Cabinet Depot Newmarket		Cabinet Depot Newmarket	2898021413	http://www.cabinetdepotnewmarket.com/
Bradford West Gwillimbury (Town of)		Bradford West Gwillimbury (Town of)	9057752162	http://www.townofbwg.com/
Princess Auto		Princess Auto	9059522107	http://www.princessauto.com/en/store?storeId=32
EQ Audio Video		EQ Audio Video	4166897779	http://www.eqaudio.ca/
Lowe's Home Improvement		Lowe's Home Improvement	9059522950	https://www.lowes.ca/stores/home-improvement-newmarket-east-gwillimbury-2642?cm_mmc=organic_search-_-yext-_-gmb-_-website&utm_medium=organic_search&utm_source=yext&utm_campaign=gmb&utm_content=website&y_source=1_MTE4NDMzMi03MTUtbG9jYXRpb24ud2Vic2l0ZQ%3D%3D
JLEC Electrical Ltd. (Bradford)		JLEC Electrical Ltd. (Bradford)	4.41274E+11	http://www.jlec.co.uk/
Town of Bradford West Gwillimbury		Town of Bradford West Gwillimbury	9057755366	http://www.townofbwg.com/
AquaPRO Pools & Hot Tubs		AquaPRO Pools & Hot Tubs	18559057665	http://www.aquapropools.ca/
Multimatic Dynamic Suspensions		Multimatic Dynamic Suspensions	9058538820	http://www.multimatic.com/contact-us/multimatic-structures-suspension/multimatic-dynamic-suspension/
MULTEPS SOLAR INC.		MULTEPS SOLAR INC.	9058063857	http://multeps.ca/
Adrian Beck Auto Electricians		Adrian Beck Auto Electricians	4.41275E+11	http://www.adrianbeckautoelec.com/home.html
MOBILE CAR DIAGNOSTICS- AUTO ELECTRICIAN - MECHANIC- BRADFORD - LEEDS		MOBILE CAR DIAGNOSTICS- AUTO ELECTRICIAN - MECHANIC- BRADFORD - LEEDS	4.47514E+11	http://www.mobilecardiagnostics.co.uk/
Little Miss Electrical		Little Miss Electrical	4.47943E+11	http://littlemisselectrical.co.uk/
Ontario Electrical League		Ontario Electrical League	9052381382	http://www.oel.org/
Xpert Electrical		Xpert Electrical	4.41274E+11	http://www.xpertelectrical.co.uk/
DGR Electric		DGR Electric	4166253087	http://dgrelectric.ca/
WEATHERALL'S ELECTRIC		WEATHERALL'S ELECTRIC	18445802710	http://weatherallselectric.ca/
Brightside Technical Services		Brightside Technical Services	4165684207	http://brightsidetechnical.com/
D.B. Electrical Service		D.B. Electrical Service	7054352892	http://www.dbelectrical.ca/
RPM Industrial Inc.		RPM Industrial Inc.	9057290022	http://www.rpmindustrial.ca/
Beavercrest Electrical Services & Contracting		Beavercrest Electrical Services & Contracting	7055301238	http://www.beavercrest.ca/
Simcoe York Electric		Simcoe York Electric	7054353624	http://www.simcoeyorkelectric.com/
Amp Pro Electrical Solutions Inc		Amp Pro Electrical Solutions Inc	7057185437	https://amppro.ca/
Appliance Repair New Tecumseth		Appliance Repair New Tecumseth	2893898809	http://www.newtecumseth-appliancerepair.ca/
Gerrie Electric Alliston		Gerrie Electric Alliston	7054349229	http://www.gerrie.com/
Crown Lock and Key		Crown Lock and Key	4169906662	https://crown-lock-and-key.business.site/
New Tecumseth Glass & Mirror Ltd		New Tecumseth Glass & Mirror Ltd	7054357567	http://www.newtecglass.ca/
Alliston Home Hardware Building Centre		Alliston Home Hardware Building Centre	7054355511	https://www.homehardware.ca/store/18053
Town of New Tecumseth		Town of New Tecumseth	7054353900	https://www.newtecumseth.ca/en/index.aspx
mtech express inc		mtech express inc	4165607998	http://www.mtechex.com/
Croatian Electric		Croatian Electric	4165200157	http://www.croatianelectrictoronto.com/
Steinmetz Electric		Steinmetz Electric	4163038641	https://www.steinmetzelectric.com/
High Park Electrical		High Park Electrical	4167992335	https://www.highparkelectrical.ca/
Astron Electric - Licensed Electrician & Electrical Contractors Toronto		Astron Electric - Licensed Electrician & Electrical Contractors Toronto	4164223865	https://astronelectric.com/
AED Electric		AED Electric	4169120032	http://www.aedelectric.com/
Rethink Electric		Rethink Electric	4165731001	http://rethinkelectric.ca/
Best Electric		Best Electric	6477180978	http://bestelectrician.ca/
Eclipse Electrical Services LTD		Eclipse Electrical Services LTD	4168387519	http://eclipse-electrical.ca/
Jordan D Electric		Jordan D Electric	4168876819	https://jordan-d-electric.business.site/
Tron Automation and Electrical Corp (Toronto Division)		Tron Automation and Electrical Corp (Toronto Division)	6475458766	http://www.troninc.com/
Klos Concepts Ltd.		Klos Concepts Ltd.	4162747076	http://www.klosconcepts.com/
Alkon Electric Toronto		Alkon Electric Toronto	4169940499	https://alkonelectric.com/
Cosmos Electrical Company		Cosmos Electrical Company	4166906206	http://www.cosmoselectrical.com/
JL Electrical		JL Electrical	4164534862	https://jlelectrical.ca/
Albright Electric Co. Ltd.		Albright Electric Co. Ltd.	4164669939	http://albrightelectric.ca/
KNT Electric - Knob & Tube Specialist		KNT Electric - Knob & Tube Specialist	6478800881	http://www.kntelectric.com/
Transfer Electric Toronto		Transfer Electric Toronto	4162788670	http://transferelectric.ca/
DC Electrical Services Inc.		DC Electrical Services Inc.	6478284575	http://dcelectricalservices.ca/
Chandelier Installation Service. A.V electrical		Chandelier Installation Service. A.V electrical	6475220777	https://av-chandeliers.com/
Expert GTA Electric		Expert GTA Electric	6474091488	https://www.expertgta.com/
Campbell & Kennedy Electric Ltd		Campbell & Kennedy Electric Ltd	4163630731	https://www.campbellkennedy.com/
Weenen Electric Inc.		Weenen Electric Inc.	4166962316	http://www.weenen.com/
Omni Electric		Omni Electric	6479712016	https://website-724666074386864284224-electrician.business.site/?utm_source=gmb&utm_medium=referral
Tesla Electric Ltd		Tesla Electric Ltd	4165355845	http://teslaelectric.ca/
Canadian Wire Wizards		Canadian Wire Wizards	4167552700	https://www.canadianwirewizards.ca/?utm_source=GMB&utm_medium=Map&utm_campaign=Canada
AME amasterelectric		AME amasterelectric	6477866474	http://amasterelectric.ca/
"Current Connections, Inc"		"Current Connections, Inc"	4168590564	http://currentconnections.ca/
Toronto Electrical Contractors		Toronto Electrical Contractors	6476992499	https://electriciansnearme.ca/
Tandem Electrical Inc		Tandem Electrical Inc	4162511289	http://tandem-electric.com/
Toro Electric		Toro Electric	4163032145	http://toroelectric.ca/
AM-PM Electric		AM-PM Electric	4162847282	http://ampmelectric.googlepages.com/
Domain Electric		Domain Electric	4165160428	http://domainelectric.ca/
Leaside Electric Inc		Leaside Electric Inc	4164251027	http://www.leasideelectric.com/
Lucid Electric		Lucid Electric	4167795259	http://lucidelectric.com/
Monarch Electric Inc.		Monarch Electric Inc.	4167164069	http://www.monarchelectric.ca/
Future Currents Inc.		Future Currents Inc.	4169209712	http://www.futurecurrents.ca/
YAR POWER ELECTRIC INC.		YAR POWER ELECTRIC INC.	6479075005	http://www.m-powerelectric.ca/
Toronto Electrical Experts		Toronto Electrical Experts	4166359494	http://www.torontoelectricalexperts.com/
Finnigan and Son		Finnigan and Son	4169001099	http://www.finson.ca/
Electrix Group		Electrix Group	6479462201	http://www.electrixgroup.ca/
Bar-Tech Electric Ltd		Bar-Tech Electric Ltd	4169094439	https://bartechelectric.com/
Heritage Electrical Contr Ltd		Heritage Electrical Contr Ltd	4167457667	http://www.hspelectrical.com/
Alba Electrical Services Ltd.		Alba Electrical Services Ltd.	6472820642	https://albaelectricalservices.com/
Midtown Handyman		Midtown Handyman	6479471124	http://www.midtownhm.ca/
Man with a Wrench		Man with a Wrench	18884544840	https://manwithawrench.com/
Charge Guys		Charge Guys	6479836880	http://www.chargeguys.ca/
"Reliance Heating, Air Conditioning & Plumbing"		"Reliance Heating, Air Conditioning & Plumbing"	6478372866	https://reliancehomecomfort.com/toronto/?utm_source=google&utm_medium=organic&utm_campaign=gmb
Modern Niagara Toronto Inc.		Modern Niagara Toronto Inc.	4163601617	http://www.modernniagara.com/
Handyman Connection of Toronto | Etobicoke		Handyman Connection of Toronto | Etobicoke	4162408757	https://handymanconnection.com/etobicoke/?utm_source=google&utm_medium=organic&utm_campaign=handyman_connection_etobicoke
Belyea Bros. Heating & Cooling		Belyea Bros. Heating & Cooling	4164251200	https://www.belyeabrothers.com/
Caliber Group Ltd		Caliber Group Ltd	4166294489	https://www.caliberbuilds.com/
