,Compay,Phone,href
0,RONA Uxbridge,,https://www.rona.ca/en/store/ontario/uxbridge/rona-uxbridge-33220?cm_mmc=organic_search-_-yext-_-gmb-_-website&utm_medium=organic_search&utm_source=yext&utm_campaign=gmb&utm_content=website&y_source=1_MzkxNzQwOC03MTUtbG9jYXRpb24ud2Vic2l0ZQ%3D%3D
1,City Electric Supply Whitby,(905) 721-1500,http://www.cityelectricsupply.ca/
2,Westburne,(905) 576-7100,https://www.westburne.ca/cwr/Oshawa/store/d-WG
3,"Guillevin International Co,",(905) 723-2291,http://www.guillevin.com/
4,"Nedco - Oshawa, ON",(905) 721-8400,https://www.nedco.ca/cnd/Oshawa/store/h-WR
5,SESCO,(905) 428-2446,https://www.sesco.ca/?utm_source=google&utm_medium=local&utm_campaign=google-local
6,Robertson Electric Wholesale,(905) 443-2504,http://www.robertson-electric.com/
7,Lakeridge Electrical Services,(905) 550-1595,
8,Oscan Electrical Supplies Ltd.,(905) 728-3800,http://www.oscan.ca/
9,City Electric Supply Pickering,(905) 839-5161,http://www.cityelectricsupply.ca/
10,Hudco Electric Supply Ltd,(905) 837-0884,https://www.hudco.ca/
11,City Electric Supply Burlington,(905) 634-7000,http://www.cityelectricsupply.ca/
12,"Nedco - Burlington, ON",(905) 632-3088,https://www.nedco.ca/cnd/Burlington/store/*-WR
13,Gerrie Electric Burlington,(905) 681-3660,http://www.gerrie.com/
14,Westburne,(905) 681-7110,https://www.westburne.ca/cwr/Burlington/store/j-WG
15,Aztec Electrical Supply,(905) 637-4227,http://aztecsupply.com/
16,Gerrie Electric Distribution Centre,,http://www.gerrie.com/
17,Province Electric Supply,(905) 634-2000,https://www.province-electric.com/
18,Sayal Electronics,(905) 333-3319,https://secure.sayal.com/STORE2/
19,Gerrie Electric Georgetown,(905) 877-2264,http://www.gerrie.com/
20,Gerrie Electric Milton,(905) 878-8406,https://www.gerrie.com/
21,Primary Electrical Supply,(905) 878-1695,http://www.primaryelectrical.com/
22,Dion Electrical supply store,,
23,"Nedco - Milton, ON",(905) 876-3757,https://www.nedco.ca/cnd/Milton/store/m-WR
24,Gerrie Electric Milton,(905) 878-8406,https://www.gerrie.com/
25,Primary Electrical Supply,(905) 878-1695,http://www.primaryelectrical.com/
26,MARS Lighting & Electrical Supplies Distribution (MarsLED),(905) 878-9997,http://shopmarsled.com/
27,NLYTN,(905) 636-6001,http://www.nlytn.com/
28,"Nedco - Oakville, ON",(905) 827-4421,https://www.nedco.ca/cnd/Oakville/store/%26-WR
29,Gerrie Electric Oakville,(905) 845-2891,http://www.gerrie.com/
30,Atlas Electrical Supply,(289) 386-3601,https://atlaselectricalsupply.com/
31,Beverly Maryoung Electrical Store,,
32,Robertson Electric Wholesale,(905) 465-2066,http://robertson-electric.com/
33,Westoak Electric Ltd.,(416) 720-3511,http://westoakelectric.com/
34,Baldor Electric Company,(905) 829-3301,http://www.baldor.com/
35,Wired Electrical Inc,(416) 804-7528,http://www.wired-electrical.ca/
36,Torbram Electric Supply,,https://www.cityelectricsupply.ca/
37,Westburne,(905) 608-1010,https://www.westburne.ca/cwr/Mississauga/store/u-WG
38,City Electric Supply Burlington,(905) 634-7000,http://www.cityelectricsupply.ca/
39,Aztec Electrical Supply,(905) 637-4227,http://aztecsupply.com/
40,Gerrie Electric Distribution Centre,,http://www.gerrie.com/
41,"Nedco - Mississauga, ON",(905) 568-5021,https://www.nedco.ca/cnd/Mississauga/store/P-WR
42,EV Breakers and Electric Supply,(647) 642-6443,http://evbreakers.ca/
43,Cawthra Electrical Supplies,(905) 804-8181,
44,Alco Electrical Sales Ltd,(905) 796-3336,http://www.alcoelectricalsales.com/
45,Dorval Electric,(905) 845-4341,https://dorvalelectric.ca/
46,InStep Activewear,(905) 844-4415,https://www.instepactivewear.com/
47,City Electric Supply Brampton,(905) 452-7752,http://www.cityelectricsupply.ca/
48,"Nedco - Brampton, ON",(905) 450-0310,https://www.nedco.ca/cnd/Brampton/store/N-WR
49,Airwill Electrical Supply Inc,(905) 458-7027,http://www.airwill.com/
50,Harwell Electric Supply Co Ltd,(905) 456-2622,http://www.harwellelectric.com/
51,Impact Components,(905) 874-8823,
52,Alliance Electrical Supply,(905) 793-1700,https://www.allianceaes.com/
53,Alco Electrical Sales Ltd,(905) 796-3336,http://www.alcoelectricalsales.com/
54,Sonepar Canada,(905) 789-2389,https://soneparcanada.com/
55,Brampton Plumbing & Electrical Supply store,,http://bramptonpe.ca/
56,Luminez LED & Electrical Supplies,(647) 855-7714,
57,Modular Power Systems Inc,(905) 451-5500,
58,City Electric Supply Mississauga,(905) 671-0800,http://www.cityelectricsupply.ca/
59,Ampower Electrical Contrs,(416) 876-9371,
60,Heritage Electrical Supply,(905) 874-3330,
61,NLYTN,(905) 796-5986,http://www.nlytn.com/
62,Bramtor Electric Supply Co Ltd,(905) 792-1111,http://www.gerrie.com/
63,OHM LED ELECTRIC MAIN STORE,(905) 795-0532,http://www.ohmledelectric.com/
64,House of Electrical Supplies Limited,(905) 670-5656,http://www.houseofelectrical.com/
65,BRISTOL ELECTRIC SUPPLY,(905) 565-0612,https://www.bristolelectric.ca/
66,"Nedco - Mississauga, ON",(905) 568-5021,https://www.nedco.ca/cnd/Mississauga/store/P-WR
67,Pro Desk at Lowe's,(905) 874-5028,https://www.googleadservices.com/pagead/aclk?sa=L&ai=DChcSEwjll-W9k6_8AhXCJ0wKHQWOBMgYABAAGgJvYQ&ohost=www.google.com&cid=CAASEuRoco56qei2tmrFpjQfCLhvyw&sig=AOD64_1nZV10v9chN1qXIbLUEWfoL5Y6Ag&q=&ctype=99&ved=2ahUKEwj2v9y9k6_8AhVnmWoFHWMcAfQ4FBCErAF6BAgBEBY&adurl=
68,Rev-Amp Electrical Equipment Ltd.,,http://www.revampelectrical.com/
69,Mississauga Electrical Supply Company,(905) 896-4500,http://www.misselec.ca/
70,City Electric Supply Maingate,(905) 629-9912,http://www.cityelectricsupply.ca/
71,Primary Electrical Supply,(905) 878-1695,http://www.primaryelectrical.com/
72,City Electric Supply,(416) 744-6888,http://www.torbramelectric.com/
73,Hudco Electric Supply Ltd,(905) 362-2002,http://www.hudco.ca/
74,City Electric Supply Corporation,,http://www.cityelectricsupply.ca/
75,Jay Electric Limited,,
76,Relay Electrical Supply Inc,,http://www.relayelectrical.ca/
77,BHS HVAC PLUMBING & HARDWARE SUPPLIES,(905) 790-7888,https://www.bhssupplies.com/
78,Renum Hydraulics Ltd,(905) 457-6754,http://www.renumhydraulics.com/
79,Bathroom Renovations Brampton,,https://www.bathroomrenovationsbrampton.com/
80,Bolton Electrical & Lighting Supply,(905) 857-4445,https://boltonelectricalsupply.com/
81,City Electric Supply Orangeville,(519) 938-8041,http://www.cityelectricsupply.ca/
82,Gerrie Electric Bolton,(905) 857-9288,http://www.gerrie.com/
83,"Nedco - Brampton, ON",(905) 450-0310,https://www.nedco.ca/cnd/Brampton/store/N-WR
84,Harwell Electric Supply Co Ltd,(905) 456-2622,http://www.harwellelectric.com/
85,Mississauga Electrical Supply Company,(905) 896-4500,http://www.misselec.ca/
86,"Nedco - Mississauga, ON",(905) 568-5021,https://www.nedco.ca/cnd/Mississauga/store/P-WR
87,Gerrie Electric Mississauga,(905) 625-3118,http://www.gerrie.com/
88,Westburne,(905) 608-1010,https://www.westburne.ca/cwr/Mississauga/store/u-WG
89,City Electric Supply Erindale,(905) 276-6700,http://www.cityelectricsupply.ca/
90,City Electric Supply Mississauga,(905) 671-0800,http://www.cityelectricsupply.ca/
91,Airwill Electrical Supply,(905) 366-0231,http://www.airwill.com/
92,RS Electrical Supplies,(905) 501-1510,https://rsbreakers.com/
93,Cawthra Electrical Supplies,(905) 804-8181,
94,House of Electrical Supplies Limited,(905) 670-5656,http://www.houseofelectrical.com/
95,Westburne,(905) 670-2800,https://www.westburne.ca/
96,POLANI ELECTRICAL SUPPLY,(905) 219-0091,https://polanielectricalsupply.business.site/?utm_source=gmb&utm_medium=referral
97,Light It Up Electric Supply,(905) 405-0008,http://www.lightitupelectric.ca/
98,City Electric Supply (formerly Torbram),(905) 276-6700,http://www.torbramelectric.com/
99,Graybar Canada,(905) 507-0533,https://www.graybarcanada.com/Mississauga-Express
100,Green & Red Electrical Co.,,
101,Powertrade Electric Ltd,(905) 238-8277,
102,ECS Electrical Cable Supply Ltd.,(905) 607-3232,http://www.ecswire.com/
103,Rev-Amp Electrical Equipment Ltd.,,http://www.revampelectrical.com/
104,City Electric Supply Maingate,(905) 629-9912,http://www.cityelectricsupply.ca/
105,Aurora Lighting o/a Bulbspro.com,(905) 489-1197,https://www.googleadservices.com/pagead/aclk?sa=L&ai=DChcSEwizic7ck6_8AhUHKUwKHZzQABcYABAAGgJvYQ&ohost=www.google.com&cid=CAASEuRo6nCBj4b6xoBHLBcXiBIq0w&sig=AOD64_2Hrf3-mrd2633k6su4VxfMf-FdqQ&q=&ctype=99&ved=2ahUKEwi5nsXck6_8AhXJmGoFHTcLAio4FBCErAF6BAgDEBc&adurl=
106,OHM LED ELECTRIC MAIN STORE,(905) 795-0532,http://www.ohmledelectric.com/
107,Estate Lighting Supply Limited,(905) 282-0100,https://estatelighting.ca/
108,Aztec Electrical Supply,(905) 282-0370,http://www.aztecsupply.com/
109,Eros LED Lighting Inc.,(905) 226-8723,
110,RS Breakers and Controls,(905) 501-1510,http://rsbreakers.com/
111,BRISTOL ELECTRIC SUPPLY,(905) 565-0612,https://www.bristolelectric.ca/
112,Wired Electrical Supplies Corp.,(437) 267-9372,http://www.wiredesc.ca/
113,Tesla Lighting,(905) 848-0958,http://www.teslalighting.ca/
114,North American Lighting Products Inc,(905) 238-0767,http://www.nalp.com/
115,Low & High Power Group Inc.,(905) 820-1781,http://www.powergroupinc.ca/
116,Alliance Electrical Supply,(905) 793-1700,https://www.allianceaes.com/
117,Impact Electrical Mechanical,(905) 219-0008,http://www.impacteml.com/
118,RMS Instruments Limited,(905) 677-5533,http://www.rmsinst.com/
119,Baldor Electric Company,(905) 829-3301,http://www.baldor.com/
120,Harwell Electric Supply Co Ltd,(905) 456-2622,http://www.harwellelectric.com/
121,"Nedco - Etobicoke, ON",(416) 252-5638,https://www.nedco.ca/cnd/Etobicoke/store/M-WR
122,Noramco Wire & Cable Co Ltd,(905) 673-3570,http://www.noramco.ca/
123,Light52.com LED Electrical Suppliers Wholesale Retail,(905) 334-5052,http://light52.com/
124,Hudco Electric Supply Ltd,(905) 362-2002,http://www.hudco.ca/
125,City Electric Supply,(416) 744-6888,http://www.torbramelectric.com/
126,HOUSEHOLD ELECTRONIC SUPPLY INC,(905) 607-9902,http://householdelectronicsupply.com/
127,Sayal Electronics,(905) 238-8640,https://secure.sayal.com/STORE2/
128,Electricians in Mississauga,(647) 832-3800,https://electriciansnorthyork.com/
129,Atlas Electrical Supply,(289) 386-3601,https://atlaselectricalsupply.com/
130,"Nedco - Milton, ON",(905) 876-3757,https://www.nedco.ca/cnd/Milton/store/m-WR
131,Green Leaf Electrical | Electrical Supply,,
132,Primary Electrical Supply,(905) 878-1695,http://www.primaryelectrical.com/
133,Wilkes Electrical Supply,,
134,JLA ELECTRIC SUPPLY,(905) 501-1112,
135,Optimum Electric Supply,,
136,Beverly Maryoung Electrical Store,,
137,Electrical Supply and Services,(647) 685-4164,
138,Torbram Electric Supply,,https://www.cityelectricsupply.ca/
139,EV Breakers and Electric Supply,(647) 642-6443,http://evbreakers.ca/
140,Gerrie Electric Distribution Centre,,http://www.gerrie.com/
141,Aurora Lighting o/a Bulbspro.com,(905) 489-1197,https://www.googleadservices.com/pagead/aclk?sa=L&ai=DChcSEwi3jJPvk6_8AhU3FdQBHRp6DBkYABAAGgJvYQ&ohost=www.google.com&cid=CAASEuRo01FgDXxfvumj9kgCY1DPpA&sig=AOD64_3tdD3iuPIzGTsw1WTHky31-rCDhA&q=&ctype=99&ved=2ahUKEwiEn4rvk6_8AhUwkGoFHcAqA_cQhKwBegQIBBAX&adurl=
142,Aurora Electric Supply Corporation,(905) 503-3532,http://www.auroraelectricsupply.ca/
143,City Electric Supply Newmarket,(905) 953-9960,http://www.cityelectricsupply.ca/
144,"Nedco - Newmarket, ON",(905) 836-0900,https://www.nedco.ca/cnd/Newmarket/store/K-WR
145,Westburne,(905) 895-8625,https://www.westburne.ca/cwr/Newmarket/store/W-WG
146,Aurora Lighting o/a Bulbspro.com,(905) 489-1197,http://www.bulbspro.com/
147,City Electric Supply Newmarket,(905) 953-9960,http://www.cityelectricsupply.ca/
148,"Nedco - Newmarket, ON",(905) 836-0900,https://www.nedco.ca/cnd/Newmarket/store/K-WR
149,Westburne,(905) 895-8625,https://www.westburne.ca/cwr/Newmarket/store/W-WG
150,Ajax Lighting Newmarket,(905) 235-1555,http://www.ajaxlighting.ca/
151,Aurora Electric Supply Corporation,(905) 503-3532,http://www.auroraelectricsupply.ca/
152,City Electric Supply Newmarket,(905) 953-9960,http://www.cityelectricsupply.ca/
153,Jersey Public School,(905) 476-7777,http://www.yrdsb.ca/schools/jersey.ps/Pages/default.aspx
154,Learning Curves - Training Site (Keswick),,http://learningcurves.ca/
155,MV Electric,(416) 561-7448,http://mvelectric.ca/
156,Eco-Power Electrical Company Limited,,http://www.ecopowerelectric.ca/
157,PDI National Salvage,(437) 288-9507,http://pdinationalsalvage.com/
158,Hall Tree Spading a Division of Beech Nursery Group,(905) 727-1996,http://www.halltreespading.com/
159,Apollo Health and Beauty Care,(416) 758-3700,http://www.apollocorp.com/index.html
160,Aurora Lighting o/a Bulbspro.com,(905) 489-1197,https://www.googleadservices.com/pagead/aclk?sa=L&ai=DChcSEwj3-suclK_8AhXKFtQBHYvCC58YABAAGgJvYQ&ohost=www.google.com&cid=CAASEuRorBIO2ru2CfBTGo5W8frBmA&sig=AOD64_2SN4f4YbclUhIwTwvLIuVzQzh2lw&q=&ctype=99&ved=2ahUKEwiGpsSclK_8AhV2lGoFHaItBnwQhKwBegQIBBAX&adurl=
161,"Nedco - Markham, ON",(905) 475-7602,https://www.nedco.ca/cnd/Markham/store/I-WR
162,City Electric Supply Markham,(905) 948-0441,http://www.cityelectricsupply.ca/
163,Vanco Electrical Supplies Ltd,(905) 305-7702,http://www.vancoelectrical.com/
164,SESCO,(905) 752-0500,https://www.sesco.ca/?utm_source=google&utm_medium=local&utm_campaign=google-local
165,House of Electrical Supplies Limited,(905) 752-2323,http://www.houseofelectrical.com/
166,Consavvy Inc.,(905) 604-8775,http://www.consavvy.com/
167,Supreme Lighting & Electrical Supply Ltd.,(905) 477-3113,http://supremelighting.ca/
168,AXIS Electric Supply,(905) 764-2947,http://www.axiselectricsupply.com/
169,City Electric Supply Scarborough North,(416) 332-0112,http://www.cityelectricsupply.ca/
170,Aurora Lighting o/a Bulbspro.com,(905) 489-1197,http://www.bulbspro.com/
171,Airwill Electrical Supply Inc,(416) 297-9455,http://www.airwill.com/
172,Shell Electric Supply Ltd,(416) 332-0619,
173,JENCO CANADA LED STOUFFVILLE & ELECTRICAL SUPPLIER,(905) 642-6112,http://www.jencocanada.ca/
174,Sayal Electronics,(905) 513-7292,https://secure.sayal.com/STORE2/
175,KR Electric & Supply,,
176,City Electric Supply Vaughan,(905) 695-0409,http://www.cityelectricsupply.ca/
177,City Electric Supply Scarborough,(416) 750-3717,http://www.cityelectricsupply.ca/
178,"Nedco - Scarborough, ON",(416) 439-4290,https://www.nedco.ca/cnd/Scarborough/store/O-WR
179,Independent Electric Supply Inc.,(416) 291-0048,http://www.iesupply.ca/
180,Boz Electric Supply Ltd.,(905) 508-2199,http://www.bozelectric.com/
181,Aurora Lighting o/a Bulbspro.com,(905) 489-1197,https://www.googleadservices.com/pagead/aclk?sa=L&ai=DChcSEwiLvbmllK_8AhX_FNQBHaA5BqAYABAHGgJvYQ&ohost=www.google.com&cid=CAASEuRoCqVJgsF7dNTRFkxuYnJ5lQ&sig=AOD64_0Y57Mn8QLOTkI_XGZ87bZnqPnXnQ&q=&ctype=99&ved=2ahUKEwjI4bGllK_8AhX3lmoFHTXlA8U4FBCErAF6BAgBEBc&adurl=
182,Pro Desk at Lowe's,(416) 940-4856,https://www.googleadservices.com/pagead/aclk?sa=L&ai=DChcSEwiLvbmllK_8AhX_FNQBHaA5BqAYABAAGgJvYQ&ohost=www.google.com&cid=CAASEuRoCqVJgsF7dNTRFkxuYnJ5lQ&sig=AOD64_1pns7I3lmUcVDfvK9aqK4O4bESeg&q=&ctype=99&ved=2ahUKEwjI4bGllK_8AhX3lmoFHTXlA8U4FBCErAF6BAgBEDE&adurl=
183,AMHOMI Canada Corp (Electric Supply),,http://amhomielectric.com/
184,Eastway Home Hardware Building Centre,(905) 305-9988,https://www.eastwayhomehardware.com/?utm_source=google&utm_medium=organic_search&utm_campaign=local_seo&utm_content=16831
185,City Electric Supply (formerly Torbram),(416) 750-3717,http://www.torbramelectric.com/
186,Rexel,,
187,CSG Electric Supply Store,(905) 660-9993,https://csgelectricsupply.ca/
188,Abbott Electrical Supply,,
189,Province Electric Supply,(416) 288-1464,https://www.province-electric.com/
190,Province Electric Supply,(905) 760-1211,https://www.province-electric.com/
191,CCR lighting & Electrical,(905) 604-6809,http://www.ccrled.ca/
192,The Wiring Mart Ltd,(416) 752-7360,https://www.wiringmart.com/
193,Wesco Distribution Canada,(905) 415-6100,https://buy.wesco.ca/
194,Johnson Electrical | Supply,,
195,Super Electric Co,,
196,Alco Electrical Sales Ltd,(905) 796-3336,http://www.alcoelectricalsales.com/
197,Northfield Electrical,,
198,Aurora Lighting o/a Bulbspro.com,(905) 489-1197,https://www.googleadservices.com/pagead/aclk?sa=L&ai=DChcSEwiH7eOxlK_8AhUJ9OMHHVeQC54YABAAGgJ5bQ&ohost=www.google.com&cid=CAASEuRoAL-x79ALnPKa8htvGzaynQ&sig=AOD64_2VdIZ1Na0mej_QZXaNyOnFiHfS-w&q=&ctype=99&ved=2ahUKEwiRutqxlK_8AhWnkYkEHbdNDSoQhKwBegQIDBAX&adurl=
199,Westburne,(905) 895-8625,https://www.westburne.ca/cwr/Newmarket/store/W-WG
200,"Nedco - Newmarket, ON",(905) 836-0900,https://www.nedco.ca/cnd/Newmarket/store/K-WR
201,City Electric Supply Newmarket,(905) 953-9960,http://www.cityelectricsupply.ca/
202,Franklin Empire - Newmarket,(905) 853-0911,http://franklinempire.com/
203,Aurora Electric Supply Corporation,(905) 503-3532,http://www.auroraelectricsupply.ca/
204,Ajax Lighting Newmarket,(905) 235-1555,http://www.ajaxlighting.ca/
205,L & L Motor Works & Electrical Power,(905) 898-4272,
206,Birnie Home Safe,(905) 569-1818,https://www.googleadservices.com/pagead/aclk?sa=L&ai=DChcSEwinlpW-lK_8AhWg5uMHHep2Dn8YABAAGgJ5bQ&ohost=www.google.com&cid=CAASEuRohT3_YJP_McPRE5dmp3yaZg&sig=AOD64_2VrbdaqdgR38AhmgZO8HpI29PHeA&q=&ctype=99&ved=2ahUKEwjz14u-lK_8AhVylYkEHTxZBikQhKwBegQIBRAV&adurl=
207,"Hill Supplies- Electrical, Plumbing, Lighting and Industrial",(905) 883-0633,http://www.hillsupplies.com/
208,Boz Electric Supply Ltd.,(905) 508-2199,http://www.bozelectric.com/
209,City Electric Supply Vaughan,(905) 695-0409,http://www.cityelectricsupply.ca/
210,City Electric Supply Markham,(905) 948-0441,http://www.cityelectricsupply.ca/
211,CORE ELECTRIC PLUMBING & LIGHTING,(647) 512-5449,https://www.instagram.com/invites/contact/?i=16n0mx1yrwlk6&utm_content=ofm8kg0
212,"Nedco - Markham, ON",(905) 475-7602,https://www.nedco.ca/cnd/Markham/store/I-WR
213,Rexel,,
214,CSG Electric Supply Store,(905) 660-9993,https://csgelectricsupply.ca/
215,Vaughan Electrical Supply,(416) 213-7153,https://www.vaughanelectrical.com/
216,Canada Lighting Supplies,,https://canadalightingsupplies.com/
217,Guillevin International Co,(519) 576-7580,https://www.guillevin.com/
218,Richmond Hill Kitchen Renovations,(289) 207-6530,http://richmondhillkitchenrenovations.ca/
219,Sapphire Roofing Richmond Hill,(647) 660-4840,https://www.sapphireroofing.ca/cities/richmond-hill
220,Aurora Lighting o/a Bulbspro.com,(905) 489-1197,https://www.googleadservices.com/pagead/aclk?sa=L&ai=DChcSEwj937HLlK_8AhXXwMgKHaeVAYkYABAAGgJxdQ&ohost=www.google.com&cid=CAASEuRoawDQfeDvefcDkvocPyzVWw&sig=AOD64_0n-BjbcAzfXbFYRc6CXf3m3JhSTw&q=&ctype=99&ved=2ahUKEwigx6jLlK_8AhVMl3IEHfxVCOkQhKwBegQIBhAX&adurl=
221,Vaughan Electrical Supply,(416) 213-7153,https://www.vaughanelectrical.com/
222,"Nedco - Vaughan, ON",(905) 264-1788,https://www.nedco.ca/cnd/Vaughan/store/G-WR
223,City Electric Supply Vaughan,(905) 695-0409,http://www.cityelectricsupply.ca/
224,Maple Electric Supply,(905) 553-7171,http://mapleelectricsupply.ca/
225,Graybar Canada,(905) 752-0767,https://www.graybarcanada.com/Vaughan
226,Westburne,(905) 879-2642,https://www.westburne.ca/cwr/Vaughan/store/P-WG
227,City Electric Supply Woodbridge,(905) 856-8824,http://www.cityelectricsupply.ca/
228,Guillevin International Co.,(905) 264-1111,http://www.guillevin.com/
229,O'Neil Electric Supply,(416) 798-7722,http://www.oneilelectric.com/
230,Concord Electric Supply,(905) 597-8222,https://concordelectricsupply.ca/
231,SESCO,(416) 745-9292,https://www.sesco.ca/?utm_source=google&utm_medium=local&utm_campaign=google-local
232,Gerrie Electric,(416) 213-7111,http://www.gerrie.com/
233,CSG Electric Supply Store,(905) 660-9993,https://csgelectricsupply.ca/
234,Bramtor Electric Supply Co Ltd,(905) 792-1111,http://www.gerrie.com/
235,Rexel,,
236,Surplus Electrical Equipment,(905) 660-1475,http://www.surplusee.com/
237,Province Electric Supply,(905) 760-1211,https://www.province-electric.com/
238,ALCO Lighting Ltd.,(416) 548-7847,http://www.alcolighting.com/
239,Dealer Source,,http://dealersourceinc.com/
240,CSG Toronto Electrician - Electrical Supply Stores,(647) 997-0704,https://csgelectric.ca/
241,Aurora Lighting o/a Bulbspro.com,(905) 489-1197,https://www.googleadservices.com/pagead/aclk?sa=L&ai=DChcSEwjRzbjUlK_8AhXPK0wKHe2eCz4YABAHGgJvYQ&ohost=www.google.com&cid=CAASEuRoPETBR8qwyTPYBPc0SfZ7TQ&sig=AOD64_3p83PTfr4Uk6tIno-GM83fWyYIrg&q=&ctype=99&ved=2ahUKEwiiq6_UlK_8AhVEk2oFHWBrCVI4FBCErAF6BAgEEBc&adurl=
242,Pro Desk at Lowe's,(905) 532-5659,https://www.googleadservices.com/pagead/aclk?sa=L&ai=DChcSEwjRzbjUlK_8AhXPK0wKHe2eCz4YABAAGgJvYQ&ohost=www.google.com&cid=CAASEuRoPETBR8qwyTPYBPc0SfZ7TQ&sig=AOD64_3ps5yw1SiwDBjG2uSCrM-rKGwXMA&q=&ctype=99&ved=2ahUKEwiiq6_UlK_8AhVEk2oFHWBrCVI4FBCErAF6BAgEEC0&adurl=
243,Weston Electrical Supply,(647) 348-9001,http://www.westonelectricsupply.com/
244,Muro Electric Supply Inc.,(416) 636-9138,http://www.muroelectricsupplies.com/
245,City Electric Supply,(416) 744-6888,http://www.torbramelectric.com/
246,City Electric Supply North York,(416) 781-3600,http://www.cityelectricsupply.ca/
247,Alco Electrical Sales Ltd,(905) 796-3336,http://www.alcoelectricalsales.com/
248,Harwell Electric Supply Co Ltd,(905) 456-2622,http://www.harwellelectric.com/
249,A to Z Used Electrical Supplies - By Appointment Only - Back entrance,(416) 720-9536,http://www.usedelectricalsupplies.com/
250,BRISTOL ELECTRIC SUPPLY,(905) 565-0612,https://www.bristolelectric.ca/
251,Aurora Lighting o/a Bulbspro.com,(905) 489-1197,https://www.googleadservices.com/pagead/aclk?sa=L&ai=DChcSEwi4j6DglK_8AhUWhsgKHRZgAUEYABAAGgJxdQ&ohost=www.google.com&cid=CAASEuRo-1Clt2TMQMpb2RQfFa9Pxw&sig=AOD64_1boMAIKhBYNuczFIPyDVAbGlccTQ&q=&ctype=99&ved=2ahUKEwifppjglK_8AhVKj3IEHb3WDOsQhKwBegQIBBAX&adurl=
252,JENCO CANADA LED STOUFFVILLE & ELECTRICAL SUPPLIER,(905) 642-6112,http://www.jencocanada.ca/
253,Aurora Electric Supply Corporation,(905) 503-3532,http://www.auroraelectricsupply.ca/
254,City Electric Supply Markham,(905) 948-0441,http://www.cityelectricsupply.ca/
255,Stouffville Electrical Co Ltd,,
256,City Electric Supply Orangeville,(519) 938-8041,http://www.cityelectricsupply.ca/
257,Westburne,(519) 941-2006,https://www.westburne.ca/cwr/Orangeville/store/X-WG
258,City Electric Supply Orangeville,(519) 938-8041,http://www.cityelectricsupply.ca/
259,Westburne,(519) 941-2006,https://www.westburne.ca/cwr/Orangeville/store/X-WG
260,City Electric Supply Newmarket,(905) 953-9960,http://www.cityelectricsupply.ca/
261,Gerrie Electric Alliston,(705) 434-9229,http://www.gerrie.com/
262,Aurora Lighting o/a Bulbspro.com,(905) 489-1197,https://www.googleadservices.com/pagead/aclk?sa=L&ai=DChcSEwj6o9-Yla_8AhUNjsgKHQ7WA-IYABAAGgJxdQ&ohost=www.google.com&cid=CAASEuRoN_Nr84P50xNgsa81KkUELg&sig=AOD64_1Tiye_9CPe2lwHv_S-8zacpNYNRA&q=&ctype=99&ved=2ahUKEwjdudWYla_8AhUdknIEHQADD-kQhKwBegQIBhAX&adurl=
263,"Nedco - Queens Quay, ON",(416) 593-7132,https://www.nedco.ca/cnd/Toronto/store/W-WR
264,Westburne,(416) 503-4778,https://www.westburne.ca/cwr/Toronto/store/4-WG
265,SESCO,(416) 961-4550,https://www.sesco.ca/?utm_source=google&utm_medium=local&utm_campaign=google-local
266,Rana Electrical Supply,(416) 548-8024,https://ranaelectrical.com/
267,Powertrade Electric Ltd.,(416) 535-8128,
268,City Electric Supply Downtown,(416) 979-8834,http://www.cityelectricsupply.ca/
269,Toronto Lighting Supply Inc.,(416) 783-9292,http://torontolightingsupply.com/
270,"Nedco - Etobicoke, ON",(416) 252-5638,https://www.nedco.ca/cnd/Etobicoke/store/M-WR
271,City Electric Supply Etobicoke,(416) 253-0777,http://www.cityelectricsupply.ca/
272,Muro Electric Supply Inc.,(416) 636-9138,http://www.muroelectricsupplies.com/
273,A to Z Used Electrical Supplies - By Appointment Only - Back entrance,(416) 720-9536,http://www.usedelectricalsupplies.com/
274,City Electric Supply North York,(416) 781-3600,http://www.cityelectricsupply.ca/
275,Ratex Electrical Supplies Inc,(416) 781-8900,http://www.ratex.ca/
276,Independent Electric Supply Inc.,(416) 291-0048,http://www.iesupply.ca/
277,The Wiring Mart Ltd,(416) 752-7360,https://www.wiringmart.com/
278,O'Neil Electric Supply,(416) 609-1010,http://www.oneilelectric.com/
279,Paul Wolf Lighting & Electric Supply Ltd,(416) 504-8195,https://www.paulwolf.com/
280,LMN LED & ELECTRICAL SUPPLY,(647) 858-3000,
281,Westburne,(416) 751-4310,https://www.westburne.ca/cwr/Scarborough/store/q-WG
282,House Depot,(416) 633-2222,https://housedepot.ca/
283,Aurora Lighting o/a Bulbspro.com,(905) 489-1197,https://www.googleadservices.com/pagead/aclk?sa=L&ai=DChcSEwjjvuugla_8AhW0E0wKHf4OBZIYABAHGgJvYQ&ohost=www.google.com&cid=CAASEuRoP34kgNr0dQyX1ZKYNBFjPg&sig=AOD64_1vwMNf5DXqtLHNk2aT4mOhdjQouA&q=&ctype=99&ved=2ahUKEwio4OKgla_8AhWykmoFHflMDPs4FBCErAF6BAgDEBc&adurl=
284,Pro Desk at Lowe's,(416) 698-8383,https://www.googleadservices.com/pagead/aclk?sa=L&ai=DChcSEwjjvuugla_8AhW0E0wKHf4OBZIYABAAGgJvYQ&ohost=www.google.com&cid=CAASEuRoP34kgNr0dQyX1ZKYNBFjPg&sig=AOD64_04WtjqMMeOHsCKBEd0lCbUZ5So5Q&q=&ctype=99&ved=2ahUKEwio4OKgla_8AhWykmoFHflMDPs4FBCErAF6BAgDEDE&adurl=
285,Shell Electric Supply Ltd,(416) 332-0619,
286,City Electric Supply Vaughan,(905) 695-0409,http://www.cityelectricsupply.ca/
287,City Electric Supply Scarborough North,(416) 332-0112,http://www.cityelectricsupply.ca/
288,CSG Toronto Electrician - Electrical Supply Stores,(647) 997-0704,https://csgelectric.ca/
289,"Nedco - Scarborough, ON",(416) 439-4290,https://www.nedco.ca/cnd/Scarborough/store/O-WR
290,City Electric Supply Scarborough,(416) 750-3717,http://www.cityelectricsupply.ca/
291,CSG Electric Supply Store,(905) 660-9993,https://csgelectricsupply.ca/
292,SESCO,(905) 752-0500,https://www.sesco.ca/?utm_source=google&utm_medium=local&utm_campaign=google-local
293,Powertrade Electric Ltd,(416) 757-3008,
294,Bramtor Electric Supply Co Ltd,(905) 792-1111,http://www.gerrie.com/
295,City Electric Supply,(416) 744-6888,http://www.torbramelectric.com/
296,Greenbird Electric Solutions Inc,(416) 425-7863,http://www.greenbirdes.com/
297,Mississauga Electrical Supply Company,(905) 896-4500,http://www.misselec.ca/
298,Vaughan Electrical Supply,(416) 213-7153,https://www.vaughanelectrical.com/
299,Province Electric Supply,(416) 860-7557,https://www.province-electric.com/
300,Leviton Canada,(416) 443-9300,https://www.leviton.com/en
301,SESCO,(416) 745-9292,https://www.sesco.ca/?utm_source=google&utm_medium=local&utm_campaign=google-local
302,Province Electric Supply,(416) 213-9009,https://www.province-electric.com/
303,Province Electric Supply,(416) 288-1464,https://www.province-electric.com/
304,Weston Electrical Supply,(647) 348-9001,http://www.westonelectricsupply.com/
305,Garden Centre at Lowe's,(416) 689-3570,https://www.googleadservices.com/pagead/aclk?sa=L&ai=DChcSEwj6voWola_8AhWOFdQBHVGcCRcYABAAGgJvYQ&ohost=www.google.com&cid=CAASEuRoMzBQH7YqPB9Yqo3VmS-i-w&sig=AOD64_3hhL0s6amx7r9DU9SpnrtjqW-7Ow&q=&ctype=99&ved=2ahUKEwi_m_ynla_8AhVVkGoFHRFaCTg4KBCErAF6BAgCEBo&adurl=
306,Surplus Electrical Equipment,(905) 660-1475,http://www.surplusee.com/
307,City Electric Supply (formerly Torbram),(416) 750-3717,http://www.torbramelectric.com/
308,Estate Lighting Supply Limited,(905) 282-0100,https://estatelighting.ca/
309,Alliance Electrical Supply,(905) 793-1700,https://www.allianceaes.com/
310,Cawthra Electrical Supplies,(905) 804-8181,
311,Rexel,,
312,House of Electrical Supplies Limited,(905) 670-5656,http://www.houseofelectrical.com/
313,OHM LED ELECTRIC MAIN STORE,(905) 795-0532,http://www.ohmledelectric.com/
314,Harwell Electric Supply Co Ltd,(905) 456-2622,http://www.harwellelectric.com/
315,BRISTOL ELECTRIC SUPPLY,(905) 565-0612,https://www.bristolelectric.ca/
316,Rev-Amp Electrical Equipment Ltd.,,http://www.revampelectrical.com/
317,Standard Electric Inc,,
318,Primary Electrical Supply,(905) 878-1695,http://www.primaryelectrical.com/
319,Greenbird Electric Solutions Inc,,http://www.greenbirdes.com/
320,EV Breakers and Electric Supply,(647) 642-6443,http://evbreakers.ca/
321,Relay Electrical Supply Inc,,http://www.relayelectrical.ca/
322,ElectronicSurplus.ca,(647) 873-4888,https://electronicsurplus.ca/
323,Disc Golf Toronto,(416) 425-5268,http://facebook.com/discgolftoronto
324,Bathroom Renovations Toronto,(437) 747-5009,http://bathroom-renovations-toronto.ca/
325,Signarama Etobicoke,(416) 503-0001,https://www.signarama.ca/locations/on-etobicoke?client=9013-ON25&campid=0&utm_campaign=organic&utm_source=organic&utm_medium=organic&utm_channel=organic_search
326,Aurora Lighting o/a Bulbspro.com,(905) 489-1197,https://www.googleadservices.com/pagead/aclk?sa=L&ai=DChcSEwi7hpGvla_8AhXNEkwKHcuSB3MYABAAGgJvYQ&ohost=www.google.com&cid=CAASEuRoBfcum_I9iI6afRZ0cWruqw&sig=AOD64_2gfT6zVFckwDA_BDKzMxWTMZubNg&q=&ctype=99&ved=2ahUKEwit9YWvla_8AhVhlWoFHddhCT44PBCErAF6BAgBEBc&adurl=
327,Royal Work Basement Waterproofing Toronto,(416) 837-1077,https://royalwork.ca/
328,East York Pest Control Toronto,(647) 243-8195,https://eastyorkpestcontrol.ca/
329,Arrow Furniture,,https://www.googleadservices.com/pagead/aclk?sa=L&ai=DChcSEwjLoeW5la_8AhVK-8gKHRF9DGsYABAHGgJxdQ&ohost=www.google.com&cid=CAASEuRo7fkYOK4QFvmHFZ1w9Cw2ZQ&sig=AOD64_0GdbxHGrYu831LDsFiUuKnIWwI4A&q=&ctype=99&ved=2ahUKEwiG3925la_8AhWdkHIEHQZ2DPYQhKwBegQIBRAY&adurl=
330,Kitchen Design at Lowe's,(905) 433-2870,https://www.googleadservices.com/pagead/aclk?sa=L&ai=DChcSEwjLoeW5la_8AhVK-8gKHRF9DGsYABAAGgJxdQ&ohost=www.google.com&cid=CAASEuRo7fkYOK4QFvmHFZ1w9Cw2ZQ&sig=AOD64_3SLsWiSZtOZAXc_-PHyQJlMiA8Sg&q=&ctype=99&ved=2ahUKEwiG3925la_8AhWdkHIEHQZ2DPYQhKwBegQIBRAu&adurl=
331,Timberidge Carpentry,(905) 862-8488,https://timberidgecarpentry.com/
332,Meek Electric,(416) 989-0047,http://www.meekelectric.ca/
333,DT Powersports and Marine,(905) 852-3932,http://www.dtpowersports.com/
334,Sparkle Light,(905) 294-9191,https://www.googleadservices.com/pagead/aclk?sa=L&ai=DChcSEwiI9bLFla_8AhWDFNQBHWObCUYYABAHGgJvYQ&ohost=www.google.com&cid=CAASEuRoSk0wCXnG47Y6PISzeUeLPA&sig=AOD64_25coGDQuadXx25ycwf21d7yziAgw&q=&ctype=99&ved=2ahUKEwjT-qrFla_8AhV9nWoFHZxPDYwQhKwBegQIBBAX&adurl=
335,QPlus Home,(888) 910-8088,https://www.googleadservices.com/pagead/aclk?sa=L&ai=DChcSEwiI9bLFla_8AhWDFNQBHWObCUYYABAAGgJvYQ&ohost=www.google.com&cid=CAASEuRoSk0wCXnG47Y6PISzeUeLPA&sig=AOD64_3_M6fYaZi4b8TT7utsiGlgwz5bVA&q=&ctype=99&ved=2ahUKEwjT-qrFla_8AhV9nWoFHZxPDYwQhKwBegQIBBAw&adurl=
336,Lighting Essentials Home Decor,(905) 239-0190,http://www.lightingessentials.ca/
337,Eldon Lighting,(905) 432-3268,http://www.eldonlighting.com/
338,Ajax Lighting,(905) 428-8881,http://www.ajaxlighting.com/
339,Lighting shop,,
340,The Home Depot,(905) 655-2900,https://stores.homedepot.ca/on/brooklynn/home-improvement-brooklynn-on-7249.html?utm_source=google&utm_medium=organic&utm_campaign=local&utm_content=7249
341,Osso City Lighting Limited,(905) 404-6776,http://www.ossolighting.ca/
342,Interior Lighting Shop,,
343,F E Lighting Inc.,,
344,Brooklin Home Hardware,,https://brooklinhomehardware.ca/
345,de.Kor,(705) 741-6333,http://dekorptbo.com/
346,ANJ Recycling Inc,(905) 576-9777,http://www.anjrecycling.ca/
347,Indoor and Outdoor Lighting Shop,,
348,Gemini Store Fixtures,(705) 437-3333,
349,CG Home & Lighting Co. WHITBY,,http://www.cghome.shop/
350,Paradise Lighting,(905) 333-0909,https://www.googleadservices.com/pagead/aclk?sa=L&ai=DChcSEwjjw8fSla_8AhVW4MgKHcuGCMIYABAAGgJxdQ&ohost=www.google.com&cid=CAASEuRoKyTyx5hb3sQZjKsPkpqT4g&sig=AOD64_3uFeodtRVnQ_hG1HER3SupvNUyvg&q=&ctype=99&ved=2ahUKEwjthMDSla_8AhWxgnIEHaGUBPIQhKwBegQIBBAX&adurl=
351,Living Lighting Hamilton,,https://www.googleadservices.com/pagead/aclk?sa=L&ai=DChcSEwjjw8fSla_8AhVW4MgKHcuGCMIYABAHGgJxdQ&ohost=www.google.com&cid=CAASEuRoKyTyx5hb3sQZjKsPkpqT4g&sig=AOD64_1om9txRYrMNnbaw-sM9rZ3i9btcQ&q=&ctype=99&ved=2ahUKEwjthMDSla_8AhWxgnIEHaGUBPIQhKwBegQIBBAw&adurl=
352,Paradise Lighting,(905) 333-0909,http://paradiselighting.ca/
353,ROBINSON | Lighting & Bath Showroom (Formerly Sescolite),(905) 632-8659,https://robinsonco.ca/
354,Titan Lighting,(905) 335-3788,http://www.titanlightingcanada.com/
355,Commercial Lighting Devices,(905) 335-9559,
356,Led Solutions Inc,(905) 465-3311,http://ledsolutions.ca/
357,LED Canada Lights,(905) 333-7103,
358,Local Lighting,,http://www.locallightingshop.com/
359,Indoor and Outdoor Lighting Shop,,
360,EQ3 Burlington - Power Centre,(905) 335-6077,https://www.eq3.com/ca/en/shopwithus/eq3-locations/cjw10z96q005b6gs00r6w7pwt/burlington/eq3-burlington?utm_source=google&utm_medium=gmb&utm_campaign=gmb-sitelink&utm_content=20191017--google-my-business-website-link
361,Cesco Signs & Lighting,(905) 315-8181,
362,The Home Depot,(905) 331-1700,https://stores.homedepot.ca/on/burlington/home-improvement-burlington-on-7021.html?utm_source=google&utm_medium=organic&utm_campaign=local&utm_content=7021
363,Concept Lighting Group,(905) 849-5483,http://conceptlighting.ca/
364,Milton Lighting,(905) 878-7111,https://miltonlighting.com/
365,Living Lighting Oakville,(905) 829-8887,http://www.livinglightingoakville.com/
366,Valley Lighting Products,,https://valleymed.ca/
367,Gerrie Lighting & Fan Studio,(905) 845-2461,http://www.gerrielightingstudio.ca/
368,Andersonâ€™s,(905) 639-0666,http://andersonsinteriors.ca/
369,Elm Ridge Lighting And Interiors Inc,(905) 664-1912,http://www.elmridgelighting.com/
370,Paradise Lighting,(905) 997-0355,http://www.paradiselighting.ca/
371,Home Lighting Shop Oakville,,
372,Paradise Lighting,(905) 333-0909,https://www.googleadservices.com/pagead/aclk?sa=L&ai=DChcSEwiDu87hla_8AhVKSnIKHc_qBQAYABAAGgJxdQ&ohost=www.google.com&cid=CAASEuRo2ZA5ndr2YPmYXBW0NzlqmA&sig=AOD64_3RJOm1-ybKj4pOrKImxHvGATsxJQ&q=&ctype=99&ved=2ahUKEwil7sbhla_8AhXYlXIEHWnpCfgQhKwBegQIBBAX&adurl=
373,Dolce Lighting and Automation Inc,(905) 850-7978,https://www.googleadservices.com/pagead/aclk?sa=L&ai=DChcSEwiDu87hla_8AhVKSnIKHc_qBQAYABAHGgJxdQ&ohost=www.google.com&cid=CAASEuRo2ZA5ndr2YPmYXBW0NzlqmA&sig=AOD64_33kunHcqVwaDQYcbweCe3YJ2doyQ&q=&ctype=99&ved=2ahUKEwil7sbhla_8AhXYlXIEHWnpCfgQhKwBegQIBBAw&adurl=
374,Living Lighting,(905) 873-2996,http://www.georgetownlivinglighting.ca/
375,Living Lighting Milton,(905) 878-4646,http://livinglighting.com/
376,Regal Lighting Designs,(905) 702-9000,https://regallightingdesigns.com/
377,Living Lighting Hamilton,,https://www.googleadservices.com/pagead/aclk?sa=L&ai=DChcSEwiX1bDtla_8AhURjsgKHclIAJsYABAHGgJxdQ&ohost=www.google.com&cid=CAASEuRo4E6CTPMZsvMcakVWRkUElQ&sig=AOD64_3KoNF5d6DwErqERuwxN2IzfH-zVA&q=&ctype=99&ved=2ahUKEwjAj6ftla_8AhWGl3IEHY4hAuoQhKwBegQIBRAX&adurl=
378,Paradise Lighting,(905) 333-0909,https://www.googleadservices.com/pagead/aclk?sa=L&ai=DChcSEwiX1bDtla_8AhURjsgKHclIAJsYABAAGgJxdQ&ohost=www.google.com&cid=CAASEuRo4E6CTPMZsvMcakVWRkUElQ&sig=AOD64_37GxWfh2Rdo01YZLcmzaXr-XFiGg&q=&ctype=99&ved=2ahUKEwjAj6ftla_8AhWGl3IEHY4hAuoQhKwBegQIBRAw&adurl=
379,Milton Lighting,(905) 878-7111,https://miltonlighting.com/
380,Main Street Lighting,,https://lighting.bergsmaspaint.com/
381,MARS Lighting & Electrical Supplies Distribution (MarsLED),(905) 878-9997,http://shopmarsled.com/
382,Living Lighting Milton,(905) 878-4646,http://livinglighting.com/
383,NLYTN,(905) 636-6001,http://www.nlytn.com/
384,Bergsma's Paint & Decor,(905) 876-4922,http://bergsmaspaint.com/
385,Lighting store Milton,,
386,The Home Depot,(905) 864-1200,https://stores.homedepot.ca/on/milton/home-improvement-milton-on-7241.html?utm_source=google&utm_medium=organic&utm_campaign=local&utm_content=7241
387,Free-Light,,https://www.free-light.com/
388,Living Lighting,(905) 873-2996,http://www.georgetownlivinglighting.ca/
389,Living Lighting Oakville,(905) 829-8887,http://www.livinglightingoakville.com/
390,Commercial Lighting Devices,(905) 335-9559,
391,Starlight Custom,,http://starlightcustom.com/
392,Modern Chandelier Store,,
393,Paradise Lighting,(905) 333-0909,https://www.googleadservices.com/pagead/aclk?sa=L&ai=DChcSEwiW-tH6la_8AhWEiMgKHX24ACQYABAAGgJxdQ&ohost=www.google.com&cid=CAASEuRoWYg874ctus-WJeET7BRKKg&sig=AOD64_38XNrbVm-J_sEahOuo-pqn8cnkKA&q=&ctype=99&ved=2ahUKEwjXtMr6la_8AhWXiHIEHbWqCO4QhKwBegQIBBAX&adurl=
394,Living Lighting Hamilton,,https://www.googleadservices.com/pagead/aclk?sa=L&ai=DChcSEwiW-tH6la_8AhWEiMgKHX24ACQYABAHGgJxdQ&ohost=www.google.com&cid=CAASEuRoWYg874ctus-WJeET7BRKKg&sig=AOD64_2LuhtcAVWLhPPtESCzBI3BVQPuTg&q=&ctype=99&ved=2ahUKEwjXtMr6la_8AhWXiHIEHbWqCO4QhKwBegQIBBAw&adurl=
395,Living Lighting Oakville,(905) 829-8887,http://www.livinglightingoakville.com/
396,Gerrie Lighting & Fan Studio,(905) 845-2461,http://www.gerrielightingstudio.ca/
397,Concept Lighting Group,(905) 849-5483,http://conceptlighting.ca/
398,Lighting Centre,(905) 844-9541,http://www.matteolighting.com/store-finder/
399,Amlite Lighting,(905) 823-2388,http://www.amlite-lighting.com/
400,Lighthouse.com,,https://lighthouse-3691.myshopify.com/
401,Impeco,(289) 795-0930,http://impeco.com/about-us/
402,apple Lighthouse LED Lighting,(905) 469-4566,http://www.applelighthouse.com/
403,RENO MAX LIGHTING,(289) 800-1099,
404,Iluma,(905) 847-7610,
405,Paradise Lighting,(905) 997-0355,http://www.paradiselighting.ca/
406,Titan Lighting,(905) 335-3788,http://www.titanlightingcanada.com/
407,Commercial Lighting Devices,(905) 335-9559,
408,Home Lighting Shop Oakville,,
409,Indoor & Outdoor Lighting Shop,,
410,Best Lighting Products,(905) 847-8651,
411,Bath Depot Oakville (Hyde Park),(905) 287-4051,https://www.bathdepot.ca/
412,Paradise Lighting,(905) 333-0909,http://paradiselighting.ca/
413,ROBINSON | Lighting & Bath Showroom (Formerly Sescolite),(905) 632-8659,https://robinsonco.ca/
414,Local Lighting,,http://www.locallightingshop.com/
415,Living Lighting Hamilton,,https://www.googleadservices.com/pagead/aclk?sa=L&ai=DChcSEwijld-Clq_8AhVNCq0GHe_OA84YABAHGgJwdg&ohost=www.google.com&cid=CAASEuRorNisicFeBAHqd1iyPaq1rQ&sig=AOD64_2A2n82HmKCpUFX3iSpyIlP7jxa8A&q=&ctype=99&ved=2ahUKEwiygdWClq_8AhUMHzQIHa2DByE4FBCErAF6BAgBEBc&adurl=
416,Paradise Lighting,(905) 333-0909,https://www.googleadservices.com/pagead/aclk?sa=L&ai=DChcSEwijld-Clq_8AhVNCq0GHe_OA84YABAAGgJwdg&ohost=www.google.com&cid=CAASEuRorNisicFeBAHqd1iyPaq1rQ&sig=AOD64_2vQsJNKJqAUrQrpHQrE73eS6QhMg&q=&ctype=99&ved=2ahUKEwiygdWClq_8AhUMHzQIHa2DByE4FBCErAF6BAgBEDA&adurl=
417,Milton Lighting,(905) 878-7111,https://miltonlighting.com/
418,"GVA Lighting, Inc.",(905) 569-6044,https://gvalighting.com/
419,Adore Interiors,(416) 708-8689,http://www.adoreinteriors.com/
420,Royce Lighting,(647) 868-2962,http://www.roycelight.com/
421,Canadian Sound Limited,,http://www.canadiansound.com/
422,Interior Chandelier Shop,,
423,Indoor and Outdoor Lighting Shop,,
424,Sparkle Light,(905) 294-9191,https://www.googleadservices.com/pagead/aclk?sa=L&ai=DChcSEwiCvviNlq_8AhWH3MgKHXFiCrQYABAAGgJxdQ&ohost=www.google.com&cid=CAASEuRocD8kHc6RUlHAUCWNgJ81ng&sig=AOD64_1yIYHz-5VZjYHaetGwd94JhZZDfw&q=&ctype=99&ved=2ahUKEwjAo--Nlq_8AhWvq3IEHTXFCvIQhKwBegQIBRAX&adurl=
425,Toronto Home Decor,(905) 597-7633,https://www.googleadservices.com/pagead/aclk?sa=L&ai=DChcSEwiCvviNlq_8AhWH3MgKHXFiCrQYABAHGgJxdQ&ohost=www.google.com&cid=CAASEuRocD8kHc6RUlHAUCWNgJ81ng&sig=AOD64_0MqVrS7vFdi5mnYQdQ3uzzEx3ntg&q=&ctype=99&ved=2ahUKEwjAo--Nlq_8AhWvq3IEHTXFCvIQhKwBegQIBRAw&adurl=
426,Lando Lighting,(905) 453-6403,https://landolightingonline.com/
427,ILLIGHTS,,http://www.illights.com/
428,Living LIGHTING Brampton,(905) 230-8600,http://livinglightingbrampton.com/
429,Fehmi Lights,(647) 884-7763,http://www.fehmilights.com/
430,NLYTN,(905) 796-5986,http://www.nlytn.com/
431,Lighting Era,(647) 339-2055,http://www.lightingera.com/
432,Luminez LED & Electrical Supplies,(647) 855-7714,
433,LUXURY LIGHTS & DECOR,(905) 856-9999,https://luxurylights.ca/
434,Estate Lighting Supply Ltd,,
435,Tms Lighting Inc.,,http://tmslighting.com/
436,BDC Lighting & Trade Supplies,(905) 450-0004,http://bdcsupplies.com/
437,Jenco Canada LED,(905) 789-0606,http://jencocanada.ca/
438,Artcraft Electric Ltd,(905) 791-1551,https://www.artcraftlighting.com/
439,Amber Lite Inc,(416) 826-2962,
440,Project Lighting Services Ltd,(416) 577-2248,https://projectlightingservices.com/
441,Lighting Online,,http://lightingonline.ca/
442,Toronto Metal Spinning,(905) 793-1174,http://torontometalspinning.com/
443,DECO2020 Lighting,,
444,CM Lighting Maintenance Ltd,(905) 796-3222,https://www.cmlighting.ca/
445,Indoor Lighting store Brampton,,
446,Sparkle Light,(905) 294-9191,https://www.googleadservices.com/pagead/aclk?sa=L&ai=DChcSEwj305SWlq_8AhXjAq0GHYoyDH4YABAAGgJwdg&ohost=www.google.com&cid=CAASEuRo99QFEyUiNd3WecN0HYVKlw&sig=AOD64_0akY1IhqxiRj48gI4QORSOCrdjpQ&q=&ctype=99&ved=2ahUKEwjfwI2Wlq_8AhUnBzQIHVzYDJY4FBCErAF6BAgEEBc&adurl=
447,Toronto Home Decor,(905) 597-7633,https://www.googleadservices.com/pagead/aclk?sa=L&ai=DChcSEwj305SWlq_8AhXjAq0GHYoyDH4YABAHGgJwdg&ohost=www.google.com&cid=CAASEuRo99QFEyUiNd3WecN0HYVKlw&sig=AOD64_27EdqyR9KwX7jMBnZXU0tfh51iaA&q=&ctype=99&ved=2ahUKEwjfwI2Wlq_8AhUnBzQIHVzYDJY4FBCErAF6BAgEEDA&adurl=
448,Online Lighting store Brampton,,
449,The Home Depot,(905) 453-3900,https://stores.homedepot.ca/on/brampton/home-improvement-brampton-on-7301.html?utm_source=google&utm_medium=organic&utm_campaign=local&utm_content=7301
450,The Home Depot,(905) 792-5430,https://stores.homedepot.ca/on/brampton/home-improvement-brampton-on-7110.html?utm_source=google&utm_medium=organic&utm_campaign=local&utm_content=7110
451,Bouclair Brampton,(905) 793-0046,https://www.bouclair.com/?utm_source=GoogleMyBusiness&utm_medium=045
452,LED Lights & Lighting Accessories Store,,
453,Royce Lighting,(647) 868-2962,http://www.roycelight.com/
454,Living Lighting,(905) 873-2996,http://www.georgetownlivinglighting.ca/
455,Living Lighting Mississauga,(905) 795-7912,https://www.mississaugalivinglighting.com/
456,Shades Of The Six Inc.,(416) 558-4491,http://www.shadesofthesix.com/
457,Bath Depot Brampton,(289) 654-2215,https://www.bathdepot.ca/
458,Lincoln Sign & Lighting,(905) 463-4835,
459,Showtech Power & Lighting,(905) 677-9546,https://showtech.ca/
460,Symban Lighting,(905) 450-5999,https://www.symbanlighting.ca/
461,The Brick,(905) 454-3100,https://www.thebrick.com/?utm_source=google&utm_medium=organic&utm_campaign=GMB-brampton
462,Interior Lighting Shop,,
463,NLYTN,(905) 625-7825,http://www.nlytn.com/
464,Great Lakes LED inc.,,http://greatlakesled.com/
465,DREAMLAND FURNITURE INC,(905) 461-3740,http://dreamlandfurnitureinc.com/
466,Bed And Bath Warehouse Brampton,(905) 792-1551,http://www.bednbathwarehouse.ca/
467,Milton Lighting,(905) 878-7111,https://miltonlighting.com/
468,Sparkle Light,(905) 294-9191,https://www.googleadservices.com/pagead/aclk?sa=L&ai=DChcSEwiA8Zidlq_8AhX1AK0GHURLAwcYABAHGgJwdg&ohost=www.google.com&cid=CAASEuRoNOB16dRsfY6gPPx8N7p5IQ&sig=AOD64_2WTHGjVOZ2BUVC-USMc8WKumtGmg&q=&ctype=99&ved=2ahUKEwjvnJKdlq_8AhV4DjQIHf-1BLI4KBCErAF6BAgFEBc&adurl=
469,QPlus Home,(888) 910-8088,https://www.googleadservices.com/pagead/aclk?sa=L&ai=DChcSEwiA8Zidlq_8AhX1AK0GHURLAwcYABAAGgJwdg&ohost=www.google.com&cid=CAASEuRoNOB16dRsfY6gPPx8N7p5IQ&sig=AOD64_3bD2PMT6nWz0XH1W7jXK5NCNrEZQ&q=&ctype=99&ved=2ahUKEwjvnJKdlq_8AhV4DjQIHf-1BLI4KBCErAF6BAgFEDA&adurl=
470,Main Street Lighting,,https://lighting.bergsmaspaint.com/
471,Paradise Lighting,(905) 997-0355,http://www.paradiselighting.ca/
472,Ultra Lighting,(905) 272-8766,https://www.ultralighting.ca/
473,Ashley HomeStore,(905) 799-3284,https://stores.ashleyhomestore.ca/store/ca/ontario/brampton/7710000520/?cmpid=ls-&utm_source=Local&utm_medium=LocalSEO&utm_campaign=LocalSearch
474,Living Lighting Oakville,(905) 829-8887,http://www.livinglightingoakville.com/
475,Jenco Canada LED,(905) 791-1433,http://jencocanada.ca/
476,Stephen's Furniture LTD,(905) 790-0560,https://stephensfurnitureltd.com/
477,Canadian Tire,(905) 792-9300,https://www.canadiantire.ca/en/store-details/on/brampton-bramalea-on-305.html?utm_source=google&utm_medium=lss&utm_content=305
478,Star Staging and Design Ltd.,(647) 338-8044,http://www.starstagingdesign.com/
479,Jenco Canada LED,(905) 265-8897,
480,ALM Architectural Lighting Inc,,
481,Shop Jenco Online | Lighting Store,,
482,Home Lighting Store,,
483,Brampton Solar Lighting Inc.,,https://bramptonsolar.com/
484,Aurora Lighting o/a Bulbspro.com,(905) 489-1197,https://www.googleadservices.com/pagead/aclk?sa=L&ai=DChcSEwj04Oaolq_8AhWUzcgKHcE4C-MYABAHGgJxdQ&ohost=www.google.com&cid=CAASEuRoWh0CMWJPsuBZ-PgkKzkWBw&sig=AOD64_3aPAp7enFAl25bk3AYmF2iY_1n-g&q=&ctype=99&ved=2ahUKEwjhlN-olq_8AhVkhXIEHfbaAPIQhKwBegQIBhAX&adurl=
485,QPlus Home,(888) 910-8088,https://www.googleadservices.com/pagead/aclk?sa=L&ai=DChcSEwj04Oaolq_8AhWUzcgKHcE4C-MYABAAGgJxdQ&ohost=www.google.com&cid=CAASEuRoWh0CMWJPsuBZ-PgkKzkWBw&sig=AOD64_398qo6W-6uEJLogVAlJygwdrPHvw&q=&ctype=99&ved=2ahUKEwjhlN-olq_8AhVkhXIEHfbaAPIQhKwBegQIBhAw&adurl=
486,Bolton Electrical & Lighting Supply,(905) 857-4445,https://boltonelectricalsupply.com/
487,Living Lighting,(905) 873-2996,http://www.georgetownlivinglighting.ca/
488,Lighting Era,(647) 339-2055,http://www.lightingera.com/
489,Fehmi Lights,(647) 884-7763,http://www.fehmilights.com/
490,Lando Lighting,(905) 453-6403,https://landolightingonline.com/
491,Living LIGHTING Brampton,(905) 230-8600,http://livinglightingbrampton.com/
492,Artcraft Electric Ltd,(905) 791-1551,https://www.artcraftlighting.com/
493,Fusion Lamps,(905) 495-4432,http://fusionlamps.ca/
494,Euroluce Lighting Inc,(905) 641-0449,
495,KLA INK,,http://www.klaink.com/
496,Online Lighting store Brampton,,
497,Indoor Lighting store Brampton,,
498,Sparkle Light,(905) 294-9191,https://www.googleadservices.com/pagead/aclk?sa=L&ai=DChcSEwjP4ei0lq_8AhWLqMgKHdMzBe8YABAAGgJxdQ&ohost=www.google.com&cid=CAASEuRoSMW60QbTkm5-FCXpLZzzfw&sig=AOD64_0eAJQuNRSgcLsECpcbLg_UNPsAZQ&q=&ctype=99&ved=2ahUKEwjmmeC0lq_8AhVIpXIEHQ50Be4QhKwBegQIBBAX&adurl=
499,Paradise Lighting,(905) 333-0909,https://www.googleadservices.com/pagead/aclk?sa=L&ai=DChcSEwjP4ei0lq_8AhWLqMgKHdMzBe8YABAHGgJxdQ&ohost=www.google.com&cid=CAASEuRoSMW60QbTkm5-FCXpLZzzfw&sig=AOD64_2P4FfQM3_LM_yXJk2JCN8frjIr1A&q=&ctype=99&ved=2ahUKEwjmmeC0lq_8AhVIpXIEHQ50Be4QhKwBegQIBBAw&adurl=
500,Paradise Lighting,(905) 997-0355,http://www.paradiselighting.ca/
501,Interior Lighting Shop,,
502,Ultra Lighting,(905) 272-8766,https://www.ultralighting.ca/
503,Royce Lighting,(647) 868-2962,http://www.roycelight.com/
504,Living Lighting Mississauga,(905) 795-7912,https://www.mississaugalivinglighting.com/
505,Watts Current,(905) 271-9288,https://wattscurrent.com/
506,PECASO LIGHTING,(905) 673-8889,http://www.pecaso.ca/
507,MFS Lighting Inc.,(416) 700-5731,http://mfslighting.com/
508,Moss LED Inc.,(416) 463-6677,http://www.mossled.com/
509,NLYTN,(905) 625-7825,http://www.nlytn.com/
510,Lightguard Lighting Ltd,(905) 602-1512,
511,Indoor and Outdoor Lighting Shop,,
512,Masters Supplies,(905) 212-9741,
513,Gracious Lighting & Home Furnishing,(905) 677-9580,
514,Showtech Power & Lighting,(905) 677-9546,https://showtech.ca/
515,DECO2020 Lighting,,
516,HCI LIGHTING,(905) 238-2648,http://www.hcilighting.com/
517,City Electric Supply (formerly Torbram),(905) 276-6700,http://www.torbramelectric.com/
518,SHOWTECH Power & Lighting,(905) 283-0550,http://www.showtech.ca/
519,Turn of the Century Lighting,(416) 362-6203,http://www.tocl.ca/
520,Sparkle Light,(905) 294-9191,https://www.googleadservices.com/pagead/aclk?sa=L&ai=DChcSEwjduOu8lq_8AhX0yJQJHYp-CjwYABAHGgJ5bQ&ohost=www.google.com&cid=CAASEuRoCm40Z9_SW_HGSK1qiLSSoQ&sig=AOD64_1tedDIvetYsulzH8tROTFeOUN1oQ&q=&ctype=99&ved=2ahUKEwiUu-C8lq_8AhVRkokEHUHYBio4FBCErAF6BAgCEBc&adurl=
521,QPlus Home,(888) 910-8088,https://www.googleadservices.com/pagead/aclk?sa=L&ai=DChcSEwjduOu8lq_8AhX0yJQJHYp-CjwYABAAGgJ5bQ&ohost=www.google.com&cid=CAASEuRoCm40Z9_SW_HGSK1qiLSSoQ&sig=AOD64_3LfrixKZxo0y3rEpCbdy_UUCZCcA&q=&ctype=99&ved=2ahUKEwiUu-C8lq_8AhVRkokEHUHYBio4FBCErAF6BAgCEDA&adurl=
522,Light52.com LED Electrical Suppliers Wholesale Retail,(905) 334-5052,http://light52.com/
523,Nalp Lighting Electrical,,https://nalp.com/
524,Led Lite Factory,,
525,SunStar LED Solution Inc.,(905) 670-3881,http://sunstarled.ca/
526,Light Age Inc.,(416) 695-7019,http://www.lightageinc.com/
527,Canada LEDS,(905) 451-5180,
528,Light Age Inc,(416) 695-7019,http://www.lightageinc.com/
529,Tesla Lighting,(905) 848-0958,http://www.teslalighting.ca/
530,Ecoglo Emergency Lighting,,http://www.ecoglo.ca/
531,Lightland Inc.,(905) 564-8060,http://www.lightland.ca/lightland_profile.html
532,Light It Up Electric Supply,(905) 405-0008,http://www.lightitupelectric.ca/
533,Fehmi Lights,(647) 884-7763,http://www.fehmilights.com/
534,Living Lighting Oakville,(905) 829-8887,http://www.livinglightingoakville.com/
535,Eros LED Lighting Inc.,(905) 226-8723,
536,Synco Lighting,,
537,Interior Chandelier Shop,,
538,The Home Depot,(905) 281-6230,https://stores.homedepot.ca/on/mississauga/home-improvement-mississauga-on-7112.html?utm_source=google&utm_medium=organic&utm_campaign=local&utm_content=7112
539,Estate Lighting Supply Limited,(905) 282-0100,https://estatelighting.ca/
540,ALM Architectural Lighting Inc,,
541,Home Lighting Store,,
542,Sparkle Light,(905) 294-9191,https://www.googleadservices.com/pagead/aclk?sa=L&ai=DChcSEwi4tZ7Flq_8AhX8yZQJHfG5AdQYABAHGgJ5bQ&ohost=www.google.com&cid=CAASEuRoKE560HoKI_2aAj3PWxO_GA&sig=AOD64_2JR4eyl0YYwTdnyHP1-I0CkezOdQ&q=&ctype=99&ved=2ahUKEwj7mZXFlq_8AhWlkIkEHW4gBDA4KBCErAF6BAgBEBc&adurl=
543,QPlus Home,(888) 910-8088,https://www.googleadservices.com/pagead/aclk?sa=L&ai=DChcSEwi4tZ7Flq_8AhX8yZQJHfG5AdQYABAAGgJ5bQ&ohost=www.google.com&cid=CAASEuRoKE560HoKI_2aAj3PWxO_GA&sig=AOD64_0dKGun9VOBxiBrBVmA_uCzh5iJ8A&q=&ctype=99&ved=2ahUKEwj7mZXFlq_8AhWlkIkEHW4gBDA4KBCErAF6BAgBEDA&adurl=
544,North American Lighting Products Inc,(905) 238-0767,http://www.nalp.com/
545,"LITEguys, Inc.",(416) 930-5483,http://liteguys.com/
546,Ashlor Design,,
547,Jenco Canada LED,(905) 789-0606,http://jencocanada.ca/
548,ILLIGHTS,(416) 277-3979,http://www.illights.com/
549,Lighting Era,(647) 339-2055,http://www.lightingera.com/
550,Gerrie Lighting & Fan Studio,(905) 845-2461,http://www.gerrielightingstudio.ca/
551,S.A.W. Technology (MaxPower LED Lighting),(905) 567-1804,http://www.solarshoppingmall.com/
552,Living LIGHTING Brampton,(905) 230-8600,http://livinglightingbrampton.com/
553,Lighting Centre,(905) 844-9541,http://www.matteolighting.com/store-finder/
554,Lando Lighting,(905) 453-6403,https://landolightingonline.com/
555,Prudence,(416) 705-0008,https://prudencee.myshopify.com/
556,Concept Lighting Group,(905) 849-5483,http://conceptlighting.ca/
557,Living Lighting Etobicoke,(416) 236-3611,http://livinglightingetobicoke.com/
558,Milton Lighting,(905) 878-7111,https://miltonlighting.com/
559,Crate & Barrel,(905) 949-1545,https://www.crateandbarrel.ca/stores/square-one-shopping-centre/str356?utm_source=gmb&utm_medium=organic_search
560,Think Lighting Ontario,(905) 795-8465,
561,Signature Lighting Maintenance Ltd.,(416) 490-1475,https://www.signaturelighting.ca/
562,"Nedco - Mississauga, ON",(905) 568-5021,https://www.nedco.ca/cnd/Mississauga/store/P-WR
563,Jenco Canada LED,(905) 949-6184,http://www.jencocanada.ca/
564,Sparkle Light,(905) 294-9191,https://www.googleadservices.com/pagead/aclk?sa=L&ai=DChcSEwjxwcLMlq_8AhUZ_-MHHZk1AT4YABAAGgJ5bQ&ohost=www.google.com&cid=CAASEuRozRsSewOlcYQu_gghHP1iDQ&sig=AOD64_19P84FhIrnapgOPI_5QzDKykcyig&q=&ctype=99&ved=2ahUKEwjs07fMlq_8AhVukYkEHZIMBCk4PBCErAF6BAgDEBc&adurl=
565,Regal Lighting Designs,(905) 702-9000,https://regallightingdesigns.com/
566,Lighting Online,,http://lightingonline.ca/
567,Mr Lamp Shop Canada,(905) 956-0104,
568,Lighting Originals Inc,,https://lightingoriginals.ca/
569,Litemode,(905) 738-8889,https://litemode.ca/
570,Sunpetra Inc.,(905) 670-1100,http://www.sunpetra.com/
571,DOABA CUSTOMS,(437) 881-8019,
572,Lit UP Lighting Inc.,,https://lituplighting.ca/
573,Nortech,(905) 569-1669,http://www.nortechinnovativeproducts.com/
574,Amre Supply,(905) 625-1267,http://www.amresupply.com/
575,Titan Lighting,(905) 335-3788,http://www.titanlightingcanada.com/
576,Commercial Lighting Devices,(905) 335-9559,
577,Dixie Electronics and Appliances,,http://www.dixieelectronics.ca/
578,lightzeal,(437) 684-1979,http://lightzeal.ca/
579,Rocket Lite Inc.,(905) 670-5111,http://www.rocketlite.ca/
580,InHome Lighting and Furnishings,(905) 482-0350,http://inhomelighting.ca/
581,Paradise Lighting,(905) 333-0909,http://paradiselighting.ca/
582,Intell Lighting,,
583,Lines Distributors Inc,(905) 762-8869,https://www.linesdistributors.com/
584,Home Lighting Factory Outlet,(905) 574-6776,http://homelightingcanada.com/
585,Sparkle Light,(905) 294-9191,https://www.googleadservices.com/pagead/aclk?sa=L&ai=DChcSEwjlzczTlq_8AhUqiVsKHZ4uD8cYABAAGgJ5bQ&ohost=www.google.com&cid=CAASEuRoRWRrsdhi7EG2y_YKLDhYFQ&sig=AOD64_1PzCEvmzmf3aDurxkZuroHhU6nhg&q=&ctype=99&ved=2ahUKEwiT_sLTlq_8AhVskYkEHb9zBio4UBCErAF6BAgDEBc&adurl=
586,Lightdepot Canada Inc.,(416) 723-9229,https://www.lightdepot.ca/
587,Retractable Outdoor Screens - ZIP Screen,(647) 993-3314,https://www.zipscreen.ca/
588,Wow Liquidation,(647) 977-7438,
589,Metalworks Institute,(905) 279-4000,https://metalworksinstitute.com/
590,UNO Electric & Lighting,(519) 432-5136,http://www.unoelectric.ca/
591,Electrical Sales Network,(905) 795-2525,http://esncorp.com/
592,Brittany Glen Hearing Centre,,http://www.brittanyglenhearing.com/
593,Anubis 3D Industrial Solutions Inc,(905) 581-0630,http://www.anubis3d.com/
594,Jenco Canada LED,(905) 791-1433,http://jencocanada.ca/
595,MARS Lighting & Electrical Supplies Distribution (MarsLED),,http://shopmarsled.com/
596,WORLDWIDE WHOLESALE CASH 'N' CARRY,(905) 564-0067,https://worldwidecashandcarry.com/
597,Online Lighting store Brampton,,
598,Lighting store,,
599,Indoor Lighting store Brampton,,
600,Modern Chandelier Store,,
601,Indoor & Outdoor Lighting Shop,,
602,Aurora Lighting o/a Bulbspro.com,(905) 489-1197,https://www.googleadservices.com/pagead/aclk?sa=L&ai=DChcSEwiLnpnflq_8AhWKisgKHRTfAuAYABAAGgJxdQ&ohost=www.google.com&cid=CAASEuRogp8EnZVbQRRuZ9tSYfoYxQ&sig=AOD64_2yKYePnor53p7YtVBjxIEcEAzDXw&q=&ctype=99&ved=2ahUKEwiWrpHflq_8AhUvnXIEHTkAD_0QhKwBegQIBhAX&adurl=
603,modern-lights.com,,https://www.googleadservices.com/pagead/aclk?sa=L&ai=DChcSEwiLnpnflq_8AhWKisgKHRTfAuAYABAHGgJxdQ&ohost=www.google.com&cid=CAASEuRogp8EnZVbQRRuZ9tSYfoYxQ&sig=AOD64_3mu13jGIA99vG_JNl0xaa33i7Iuw&q=&ctype=99&ved=2ahUKEwiWrpHflq_8AhUvnXIEHTkAD_0QhKwBegQIBhAv&adurl=
604,The Light Spot,(905) 727-7347,http://www.thelightspot.ca/
605,Living Lighting Newmarket,(905) 898-2755,http://livinglightingnewmarket.com/
606,Aurora Lighting o/a Bulbspro.com,(905) 489-1197,http://www.bulbspro.com/
607,Aurora Electric Supply Corporation,(905) 503-3532,http://www.auroraelectricsupply.ca/
608,Living Lighting Richmond Hill,(905) 737-7445,http://livinglightingrichmondhill.com/
609,Arrow Furniture,,https://www.googleadservices.com/pagead/aclk?sa=L&ai=DChcSEwj-gODqlq_8AhVJ5MgKHSEFAFEYABAHGgJxdQ&ohost=www.google.com&cid=CAASEuRoAetjacjblD6OkwVXhyushg&sig=AOD64_3DBHa6uKeKG1it7xRcGhCVr0Hi6w&q=&ctype=99&ved=2ahUKEwjKrtfqlq_8AhWagnIEHWgACfIQhKwBegQIBBAY&adurl=
610,modern-lights.com,,https://www.googleadservices.com/pagead/aclk?sa=L&ai=DChcSEwj-gODqlq_8AhVJ5MgKHSEFAFEYABAAGgJxdQ&ohost=www.google.com&cid=CAASEuRoAetjacjblD6OkwVXhyushg&sig=AOD64_1QVJek4eZcRVB79T66cr4P81l2kA&q=&ctype=99&ved=2ahUKEwjKrtfqlq_8AhWagnIEHWgACfIQhKwBegQIBBAw&adurl=
611,Ajax Lighting Newmarket,(905) 235-1555,http://www.ajaxlighting.ca/
612,Living Lighting Newmarket,(905) 898-2755,http://livinglightingnewmarket.com/
613,Schewe Lighting & Technology,(905) 898-1785,
614,MR. LED Lights,(416) 618-9467,
615,The Light Spot,(905) 727-7347,http://www.thelightspot.ca/
616,Light Works Inc,(905) 830-4454,
617,Living Lighting Richmond Hill,(905) 737-7445,http://livinglightingrichmondhill.com/
618,The Auroran Newspaper,(905) 727-3300,http://www.newspapers-online.com/auroran/
619,modern-lights.com,,https://www.googleadservices.com/pagead/aclk?sa=L&ai=DChcSEwj1qrr2lq_8AhUG5cgKHR3bAYkYABAAGgJxdQ&ohost=www.google.com&cid=CAASEuRo7IL_1zEsEe9vpWJHFKWHmA&sig=AOD64_1mDR3tOhIYM1EOMg02Sdt1YbdHlw&q=&ctype=99&ved=2ahUKEwj3qbP2lq_8AhUUlnIEHW69C-4QhKwBegQIBhAW&adurl=
620,Garden Centre at Lowe's,,https://www.googleadservices.com/pagead/aclk?sa=L&ai=DChcSEwj1qrr2lq_8AhUG5cgKHR3bAYkYABAHGgJxdQ&ohost=www.google.com&cid=CAASEuRo7IL_1zEsEe9vpWJHFKWHmA&sig=AOD64_383r6LiNLjkG-_RlXVYMKM78FRKg&q=&ctype=99&ved=2ahUKEwj3qbP2lq_8AhUUlnIEHW69C-4QhKwBegQIBhAy&adurl=
621,Ajax Lighting Newmarket,(905) 235-1555,http://www.ajaxlighting.ca/
622,Living Lighting Newmarket,(905) 898-2755,http://livinglightingnewmarket.com/
623,Glass Lighting Gallery & Home Finishings,(705) 722-7772,http://www.glasslightinggallery.ca/
624,QPlus Home,(888) 910-8088,https://www.googleadservices.com/pagead/aclk?sa=L&ai=DChcSEwiaq9-Bl6_8AhUC5MgKHTsqBlkYABAAGgJxdQ&ohost=www.google.com&cid=CAASEuRo63zEUaK0cH6ztY7IyBoh3A&sig=AOD64_06b1__K8CfTg_z4NmNfPuGJJ-N_Q&q=&ctype=99&ved=2ahUKEwje_taBl6_8AhWxmHIEHQPxB_YQhKwBegQIBhAX&adurl=
625,Aurora Lighting o/a Bulbspro.com,(905) 489-1197,https://www.googleadservices.com/pagead/aclk?sa=L&ai=DChcSEwiaq9-Bl6_8AhUC5MgKHTsqBlkYABAHGgJxdQ&ohost=www.google.com&cid=CAASEuRo63zEUaK0cH6ztY7IyBoh3A&sig=AOD64_0PfspXXJuniCGPLfBOtFWWfLDnPA&q=&ctype=99&ved=2ahUKEwje_taBl6_8AhWxmHIEHQPxB_YQhKwBegQIBhAw&adurl=
626,Living Lighting Newmarket,(905) 898-2755,http://livinglightingnewmarket.com/
627,Prima Lighting,(905) 851-1188,https://shop.primalighting.ca/
628,Living Lighting Richmond Hill,(905) 737-7445,http://livinglightingrichmondhill.com/
629,Litemode,(905) 738-8889,https://litemode.ca/
630,Pendant lighting,,
631,Lithonia Lighting Group,,
632,Sparkle Light,(905) 294-9191,https://www.googleadservices.com/pagead/aclk?sa=L&ai=DChcSEwj2056Nl6_8AhWajcgKHaJ3CkgYABAAGgJxdQ&ohost=www.google.com&cid=CAASEuRowDEj2vvLHqPiQo-67xMfHA&sig=AOD64_3yRXRzEodYyUlS-w0cS7h2m61SiA&q=&ctype=99&ved=2ahUKEwjE1JWNl6_8AhWhnnIEHbodDloQhKwBegQIBBAX&adurl=
633,Toronto Home Decor,(905) 597-7633,https://www.googleadservices.com/pagead/aclk?sa=L&ai=DChcSEwj2056Nl6_8AhWajcgKHaJ3CkgYABAHGgJxdQ&ohost=www.google.com&cid=CAASEuRowDEj2vvLHqPiQo-67xMfHA&sig=AOD64_3s9UFvhmF232hTNy8zWUUitwQTfg&q=&ctype=99&ved=2ahUKEwjE1JWNl6_8AhWhnnIEHbodDloQhKwBegQIBBAw&adurl=
634,Supreme Lighting & Electrical Supply Ltd.,(905) 477-3113,http://supremelighting.ca/
635,Lighting store,,
636,Modern Lights,(905) 294-8688,http://www.modern-lights.com/
637,Sparkle Light,(905) 294-9191,http://www.sparklelight.ca/
638,KASE Lighting,(647) 410-2927,
639,Style & Sense,(905) 604-4403,
640,HD LIGHTING,(647) 588-6848,
641,Weis Energy Lighting Company,(647) 896-9239,http://www.weisenergy.com/
642,Interior Lighting Store,,
643,UNITED LIGHTING AND HOME,(647) 922-7111,https://www.facebook.com/United-Lighting-and-HOME-176866831109971
644,LEDLIGHTINGSHOP.CA,(905) 604-1098,http://ledlightingshop.ca/
645,CCR lighting & Electrical,(905) 604-6809,http://www.ccrled.ca/
646,LEDStripCanada,,
647,Tubicen Lighting,(416) 900-6619,https://www.tubicenlighting.com/
648,Pilot Lighting Intl,,
649,å®¶å…·ç¯å…·æ£•åž« Viva Lifestyle Inc.,(905) 604-7560,https://vivalifestyle.ca/
650,Indoor & Outdoor Lighting Shop,,
651,Chandelier Toronto,(416) 732-4809,
652,Aurora Lighting o/a Bulbspro.com,(905) 489-1197,http://www.bulbspro.com/
653,QPlus Home,,https://qplushome.ca/
654,Sparkle Light,(905) 294-9191,https://www.googleadservices.com/pagead/aclk?sa=L&ai=DChcSEwjWhJOVl6_8AhWR_-MHHSSGDy4YABAAGgJ5bQ&ohost=www.google.com&cid=CAASEuRouoRWNjtktwcajRT20VD9dQ&sig=AOD64_1IYK8SNbo59SX-RYNbBgeLp_MiNA&q=&ctype=99&ved=2ahUKEwj1h4qVl6_8AhUGhYkEHSR5CCo4FBCErAF6BAgDEBc&adurl=
655,Toronto Home Decor,(905) 597-7633,https://www.googleadservices.com/pagead/aclk?sa=L&ai=DChcSEwjWhJOVl6_8AhWR_-MHHSSGDy4YABAHGgJ5bQ&ohost=www.google.com&cid=CAASEuRouoRWNjtktwcajRT20VD9dQ&sig=AOD64_1Je5T6q1rck7p7EpgZUS5JvwSw1Q&q=&ctype=99&ved=2ahUKEwj1h4qVl6_8AhUGhYkEHSR5CCo4FBCErAF6BAgDEDA&adurl=
656,Abel Lighting Incorporated,(905) 429-8767,http://www.abellighting.ca/
657,Ultrasave Lighting Ltd,(905) 940-0888,
658,Living Lighting Richmond Hill,(905) 737-7445,http://livinglightingrichmondhill.com/
659,InHome Lighting and Furnishings,(905) 482-0350,http://inhomelighting.ca/
660,Raku Corporation,(905) 479-0175,
661,Royal Lighting,(416) 782-1129,http://www.royallighting.com/
662,Sparkle Light,(905) 294-9191,https://www.googleadservices.com/pagead/aclk?sa=L&ai=DChcSEwiVt4egl6_8AhUDiMgKHeQfAEUYABAHGgJxdQ&ohost=www.google.com&cid=CAASEuRoQXZVbLs1YYgbQcWrM3CElA&sig=AOD64_3-JDhrraExO0FJrkkJMrUbx8BsJA&q=&ctype=99&ved=2ahUKEwi2t4Cgl6_8AhWkgXIEHXk6DOoQhKwBegQIBRAX&adurl=
663,QPlus Home,(888) 910-8088,https://www.googleadservices.com/pagead/aclk?sa=L&ai=DChcSEwiVt4egl6_8AhUDiMgKHeQfAEUYABAAGgJxdQ&ohost=www.google.com&cid=CAASEuRoQXZVbLs1YYgbQcWrM3CElA&sig=AOD64_34EjQH2Og-nbckvkehzC5R9svBUA&q=&ctype=99&ved=2ahUKEwi2t4Cgl6_8AhWkgXIEHXk6DOoQhKwBegQIBRAw&adurl=
664,Living Lighting Newmarket,(905) 898-2755,http://livinglightingnewmarket.com/
665,The Light Spot,(905) 727-7347,http://www.thelightspot.ca/
666,Ajax Lighting Newmarket,(905) 235-1555,http://www.ajaxlighting.ca/
667,Light Works Inc,(905) 830-4454,
668,Living Lighting Richmond Hill,(905) 737-7445,http://livinglightingrichmondhill.com/
669,Sparkle Light,(905) 294-9191,https://www.googleadservices.com/pagead/aclk?sa=L&ai=DChcSEwiy38arl6_8AhUXpsgKHQ0pDjEYABAAGgJxdQ&ohost=www.google.com&cid=CAASEuRouUj21WlA3zSChWC6CZ4f_g&sig=AOD64_2BYZMrsP46_hQB5A_GayNSAIi6lA&q=&ctype=99&ved=2ahUKEwiIg7yrl6_8AhVzq3IEHbkgBvYQhKwBegQICBAX&adurl=
670,Toronto Home Decor,(905) 597-7633,https://www.googleadservices.com/pagead/aclk?sa=L&ai=DChcSEwiy38arl6_8AhUXpsgKHQ0pDjEYABAHGgJxdQ&ohost=www.google.com&cid=CAASEuRouUj21WlA3zSChWC6CZ4f_g&sig=AOD64_2yAczqiuHAKodT265vdpDsJ1sZKw&q=&ctype=99&ved=2ahUKEwiIg7yrl6_8AhVzq3IEHbkgBvYQhKwBegQICBAw&adurl=
671,Living Lighting Richmond Hill,(905) 737-7445,http://livinglightingrichmondhill.com/
672,Aoslu Led Lighting Inc,(905) 770-8315,http://www.aoslu.com/
673,Galaxy Lighting,(905) 889-8787,http://www.galaxy-lighting.com/
674,Dream lighting,(416) 451-9389,
675,Richmond Hill Lighting,,https://vaughanlighting.business.site/
676,Canada Lights Inc.,(416) 613-6300,http://www.canada-lights.com/
677,CORE ELECTRIC PLUMBING & LIGHTING,(647) 512-5449,https://www.instagram.com/invites/contact/?i=16n0mx1yrwlk6&utm_content=ofm8kg0
678,Canada Lighting Supplies,,https://canadalightingsupplies.com/
679,Lithonia Lighting Group,,
680,Galaxy Lighting & Brass Ltd. (Toronto Area),(905) 889-8787,http://www.galaxy-lighting.com/
681,The Home Depot,(905) 763-2311,https://stores.homedepot.ca/on/richmondhill/home-improvement-richmondhill-on-7106.html?utm_source=google&utm_medium=organic&utm_campaign=local&utm_content=7106
682,Blue Sky Lighting Special,,
683,Sparkle Light,(905) 294-9191,https://www.googleadservices.com/pagead/aclk?sa=L&ai=DChcSEwjK5tO3l6_8AhURjsgKHclIAJsYABAAGgJxdQ&ohost=www.google.com&cid=CAASEuRo586YVau8dGoU3MnEnozl-Q&sig=AOD64_1co0yooRIWbtbvxqQa3JX9HfzO2Q&q=&ctype=99&ved=2ahUKEwj0ysy3l6_8AhXPnHIEHb2rA-MQhKwBegQIBhAX&adurl=
684,Toronto Home Decor,(905) 597-7633,https://www.googleadservices.com/pagead/aclk?sa=L&ai=DChcSEwjK5tO3l6_8AhURjsgKHclIAJsYABAHGgJxdQ&ohost=www.google.com&cid=CAASEuRo586YVau8dGoU3MnEnozl-Q&sig=AOD64_15zEsjHWcyE1pfvd67XNpvs7MVOQ&q=&ctype=99&ved=2ahUKEwj0ysy3l6_8AhXPnHIEHb2rA-MQhKwBegQIBhAw&adurl=
685,Litemode,(905) 738-8889,https://litemode.ca/
686,Prima Lighting,(905) 851-1188,https://shop.primalighting.ca/
687,Living Lighting Woodbridge,(905) 856-1204,https://livinglighting.com/stores/woodbridge/
688,Vaughan Lighting,(416) 477-1054,
689,Dolce Lighting and Automation Inc,(905) 850-7978,http://dolcelighting.ca/
690,CG Home & Lighting Co. WOODBRIDGE,,http://cghome.shop/
691,Lighting Decor,(905) 264-0418,http://lighting-decor.ca/
692,Home Ideas,(905) 669-7616,http://home-ideas.ca/
693,Lighting Palace,(905) 660-0307,
694,Smart Lighting Decor,(416) 907-9953,
695,InHome Lighting and Furnishings,(905) 482-0350,http://inhomelighting.ca/
696,Primary Lighting,(416) 477-5454,https://primarylighting.com/
697,Jenco Canada LED,(905) 265-8897,
698,Pisus Classic Lights wall light,(647) 571-3567,
699,Unique Lighting,(905) 738-1488,http://www.unique-lighting.com/
700,Living Lighting Richmond Hill,(905) 737-7445,http://livinglightingrichmondhill.com/
701,Canada Lights Inc.,(416) 613-6300,http://www.canada-lights.com/
702,A W Lighting,(905) 669-6168,https://awlight.com/
703,Aoslu Led Lighting Inc,(905) 770-8315,http://www.aoslu.com/
704,Votatec Led Lighting,(905) 597-5955,https://votatec.ca/
705,Sparkle Light,(905) 294-9191,https://www.googleadservices.com/pagead/aclk?sa=L&ai=DChcSEwjH3NS_l6_8AhUD_eMHHdNCDCQYABAHGgJ5bQ&ohost=www.google.com&cid=CAASEuRopr68i3edHP3RUl1rYXc80w&sig=AOD64_2rq1VWgMy9XjCMWJI7xwk1y8-eog&q=&ctype=99&ved=2ahUKEwjLx82_l6_8AhUBjIkEHchrBCw4FBCErAF6BAgDEBc&adurl=
706,QPlus Home,(888) 910-8088,https://www.googleadservices.com/pagead/aclk?sa=L&ai=DChcSEwjH3NS_l6_8AhUD_eMHHdNCDCQYABAAGgJ5bQ&ohost=www.google.com&cid=CAASEuRopr68i3edHP3RUl1rYXc80w&sig=AOD64_01wk4dH2uDJzBRYD41A5gh7Fwoow&q=&ctype=99&ved=2ahUKEwjLx82_l6_8AhUBjIkEHchrBCw4FBCErAF6BAgDEDA&adurl=
707,Vaughan Electrical Supply,(416) 213-7153,https://www.vaughanelectrical.com/
708,Toronto Home Decor,(905) 597-7633,http://torontohomedecor.ca/
709,Canada Lighting Supplies,,https://canadalightingsupplies.com/
710,aluce lighting,(647) 629-0961,http://alucelighting.com/
711,Guillevin International Co,(905) 264-1802,http://www.guillevin.com/
712,Interior Lighting Shop,,
713,Modern Chandelier Shop,,
714,LightHaus Lighting Supply,(647) 955-3586,http://www.lighthausled.ca/
715,Lines Distributors Inc,(905) 762-8869,https://www.linesdistributors.com/
716,Head Office & National Accounts Division - Robertson Electric Wholesale,,http://www.robertson-electric.com/
717,UNITED LIGHTING AND HOME,(647) 922-7111,https://www.facebook.com/United-Lighting-and-HOME-176866831109971
718,Robertson Electric Wholesale - Wire & Cable Division,(905) 264-3872,http://robertson-electric.com/
719,Tubicen Lighting,(416) 900-6619,https://www.tubicenlighting.com/
720,Lighting Originals Inc,,https://lightingoriginals.ca/
721,Living LIGHTING Brampton,(905) 230-8600,http://livinglightingbrampton.com/
722,Lighting Solutions,(416) 493-7630,http://www.lightingsolutions.ca/
723,Royal Lighting,(416) 782-1129,http://www.royallighting.com/
724,Union Lighting & Furnishings,(416) 652-2200,http://unionlightingandfurnishings.com/
725,Pendant lighting,,
726,SESCO,(416) 745-9292,https://www.sesco.ca/?utm_source=google&utm_medium=local&utm_campaign=google-local
727,Sparkle Light,(905) 294-9191,https://www.googleadservices.com/pagead/aclk?sa=L&ai=DChcSEwihkPLGl6_8AhXV_eMHHf1oDqYYABAHGgJ5bQ&ohost=www.google.com&cid=CAASEuRoOX0jcbqjyZbKmXFc22408g&sig=AOD64_3EFwBlI-UTjDrEvte2XaZlCFgw9g&q=&ctype=99&ved=2ahUKEwjR_erGl6_8AhVvj4kEHS1SDyo4KBCErAF6BAgBEBc&adurl=
728,QPlus Home,(888) 910-8088,https://www.googleadservices.com/pagead/aclk?sa=L&ai=DChcSEwihkPLGl6_8AhXV_eMHHf1oDqYYABAAGgJ5bQ&ohost=www.google.com&cid=CAASEuRoOX0jcbqjyZbKmXFc22408g&sig=AOD64_0NsGiNVyU5dqJA-HLGWuCp1KAetA&q=&ctype=99&ved=2ahUKEwjR_erGl6_8AhVvj4kEHS1SDyo4KBCErAF6BAgBEDA&adurl=
729,Universal Lighting,(416) 787-8900,https://universallighting.ca/
730,Interna Neoluxe Lighting,(416) 700-0911,https://internalighting.com/
731,Weis Energy Lighting Company,(647) 896-9239,http://www.weisenergy.com/
732,ROBINSON | Lighting & Bath Showroom (Formerly Sescolite),(416) 651-6570,https://www.robinsonco.ca/
733,Radiance LED Lighting & Electrical Supplies,(905) 660-5337,http://www.radianceled.ca/
734,Jenco Canada LED,(905) 789-0606,http://jencocanada.ca/
735,Royce Lighting,(647) 868-2962,http://www.roycelight.com/
736,Lucebella Inc,,
737,Home Lighting Store,,
738,Richmond Hill Lighting,,https://vaughanlighting.business.site/
739,Art Of Light Industries Inc,,
740,Indoor & Outdoor Lighting Shop,,
741,CheapFlashlights.ca,,
742,Sunil Lighting Products,,
743,Modern Chandelier Shop,,
744,Lithonia Lighting Group,,
745,Aurora Lighting o/a Bulbspro.com,(905) 489-1197,https://www.googleadservices.com/pagead/aclk?sa=L&ai=DChcSEwiAodLSl6_8AhWH3MgKHXFiCrQYABAAGgJxdQ&ohost=www.google.com&cid=CAASEuRoXifcC7pjVJLmKNrvs9GPqg&sig=AOD64_1Yf-O32KZuMlkaplrxoc2WFiKxjw&q=&ctype=99&ved=2ahUKEwjY4sjSl6_8AhW1nXIEHVphBOsQhKwBegQIBRAX&adurl=
746,modern-lights.com,,https://www.googleadservices.com/pagead/aclk?sa=L&ai=DChcSEwiAodLSl6_8AhWH3MgKHXFiCrQYABAHGgJxdQ&ohost=www.google.com&cid=CAASEuRoXifcC7pjVJLmKNrvs9GPqg&sig=AOD64_3OHJ7e5cA2bZHMwPXhDj9Tynfuww&q=&ctype=99&ved=2ahUKEwjY4sjSl6_8AhW1nXIEHVphBOsQhKwBegQIBRAv&adurl=
747,Firefly home & kids lighting,(905) 883-9900,http://fireflykidslighting.com/
748,Living Lighting Newmarket,(905) 898-2755,http://livinglightingnewmarket.com/
749,Living Lighting Richmond Hill,(905) 737-7445,http://livinglightingrichmondhill.com/
750,Modern Lights,(905) 294-8688,http://www.modern-lights.com/
751,Unique Lighting,(905) 738-1488,http://www.unique-lighting.com/
752,Interior Lighting Store,,
753,Indoor & Outdoor Lighting Shop,,
754,Dolce Lighting and Automation Inc,(905) 850-7978,https://www.googleadservices.com/pagead/aclk?sa=L&ai=DChcSEwjvl7zel6_8AhWajcgKHaJ3CkgYABAAGgJxdQ&ohost=www.google.com&cid=CAASEuRoDzHfnAE73LfZweGekmUh0Q&sig=AOD64_3XaKiw1RgH5IO0aFnQO-ZOObUk-A&q=&ctype=99&ved=2ahUKEwitjrXel6_8AhUBmXIEHWHIBeoQhKwBegQIBhAX&adurl=
755,The Home Depot,(519) 940-9061,https://www.googleadservices.com/pagead/aclk?sa=L&ai=DChcSEwjvl7zel6_8AhWajcgKHaJ3CkgYABAHGgJxdQ&ohost=www.google.com&cid=CAASEuRoDzHfnAE73LfZweGekmUh0Q&sig=AOD64_1S_FkmJ7Cbcbs5mIMJPKLFTFJO4Q&q=&ctype=99&ved=2ahUKEwitjrXel6_8AhUBmXIEHWHIBeoQhKwBegQIBhAz&adurl=
756,Living Lighting,(905) 873-2996,http://www.georgetownlivinglighting.ca/
757,Online Lighting store Brampton,,
