,Company,Phone,Web
0,Spotlight Electric Ltd,9055794733,http://www.spotlightelectric.ca/
1,COZZY ELECTRIC INC.,7057861824,http://cozzyelectric.ca/
2,Scugog Electric,9054098278,http://scugogelectric.ca/
3,Port Electric,9052608831,http://portelectriccontractors.com/
4,Progressive Electric & Plumbing,9059858950,https://pepelectric.plumbing/
5,B & R Electric,9059858667,
6,BAM Electrical Contracting,9059140936,https://bamelectric.ca/
7,Oak Ridge Electric Inc.,2892005617,
8,Emmons Electric Inc.,2893145152,http://www.emmonselectric.com/
9,Chris Duff Electric & Plumbing,9059860845,
10,Gord's Electric,9054418490,http://gordselectric.ca/
11,Fuzion Electric Inc.,,http://fuzionelectric.ca/
12,Lit Electrical Contractors Inc.,4165792947,http://www.litelectrical.com/
13,Claremont Electric Services Inc.,4166609897,
14,Independent High Voltage Ltd.,9059851533,
15,Leslie & Palmer Electrical Contractor,6472712235,http://www.leslieandpalmer.com/
16,Powersource Electric Inc.,2898927074,https://www.powersourceelectric.ca/
17,AlphaMega Electric Ltd.,9052445046,http://alpha-mega.ca/
18,Doyle's Electric,9054491399,https://www.doyles.company/
19,Canon Electric,9059265535,http://canonelectric.ca/
21,UNIBOLT ELECTRIC INC.,9055918658,http://www.unibolt.ca/
22,Trotter Electrical,2893561061,
24,Penn & McGuire Electric Ltd.,9058622220,
25,Green Planet Electric,4165618384,
26,Barrett Electric Inc.,9054318020,http://www.barrettelectric.ca/
28,Langmaid Electric Contracting,7053249843,https://www.langmaidelectric.com/
29,Meek Electric,4169890047,http://www.meekelectric.ca/
30,Safe and Sound Connections,9052441325,https://safeandsoundconnections.com/
31,EverReady Electrical,6475602463,http://www.whitbyonelectrician.ca/
33,OKANA Electrical,4163881003,https://www.okanapro.ca/
35,North Electrik Inc | 24/7 Whitby Electrician,6477094959,https://northelectrik.com/
36,Fitzpatrick Electrical Contractor Inc.,9056861661,http://www.fitze.ca/
37,Brite Electrical Solutions,9052404703,http://www.briteelectricalsolutions.com/
38,Browns Electrical and Consulting,9054494884,https://brownselectricalco.wixsite.com/brownselectrical
39,SAV Electric Inc,4167057806,http://www.savelectric.ca/
40,Service First Electric,9054417118,http://www.servicefirstelectric.ca/
42,Hanika Electric Inc.,6478923055,https://www.googleadservices.com/pagead/aclk?sa=L&ai=DChcSEwjc062U-d37AhW2_OMHHaVsAIAYABAIGgJ5bQ&ohost=www.google.com&cid=CAASE-Ro33e51kMsDPcmYZt3Fo_nRb4&sig=AOD64_2tgRCI7FnClJWSk0Fj-ZM1o92G-A&q=&ctype=99&ved=2ahUKEwi3iqaU-d37AhV6jIkEHU1qAh04KBCErAF6BAgBECs&adurl=
43,Curt Brown Electric Inc.,9054311912,http://www.curtbrownelectric.com/
45,Eco Electrical HVAC.,4168951094,https://ecoelectricalhvac.business.site/
46,Bird Electric,9054100532,http://www.birdelectric.ca/
47,InnoWave Electric Inc.,9054094949,http://www.innowaveinc.com/
48,MB Electrical Group,2893143607,https://www.mbelectricalgroup.ca/
49,Energy Rich Electric,6473213674,http://energyrichelectric.ca/
50,Durham Electrical Contractors,9054269422,
51,Top Electrical Inc.,6475005616,http://www.topelectrical.ca/
53,Falstaff Electrical Services Ltd,9056427020,https://falstaffelectric.ca/
54,PDS Power,7053289426,
56,Captain Electric,9056834195,https://captainelectric.ca/?utm_source=google&utm_medium=organic&utm_campaign=local
57,Electric Electric Ltd,7058785878,https://www.electricelectricltd.com/
58,Orbit Electrical,9055712977,https://orbit-electrical.business.site/
59,FM Electrical Service,6475611583,https://fmelectricalservice.com/
60,Jng Electric Inc.,9052427254,http://www.jngelectric.ca/
61,Rothman Industrial Inc,9056974330,
64,Penfold Electric LTD,4166391796,https://penfoldelectric.com/
65,James Electric,9055794543,
66,ACCL Electrical,4167598567,http://www.acclelectrical.ca/
67,Tradescope Electrical,9052447982,http://tradescopeelectrical.com/
68,Vickery Technical Services Electrical Contracting Ltd.,9056650038,
69,Carlos Electric Limited,9057287361,
72,Try-Umph Electric Inc.,6478798674,http://www.tryumphelectric.com/
74,Able Electric,9055790888,
76,Space Age Electric,9054366744,https://spaceageelectric.business.site/
77,Renewal Electrical Contracting,6472084928,http://renewalec.com/
78,Elcon Electric Ltd,9055710483,
79,TMK Electrical and Contracting Services,9054398529,https://www.tmkelectrical.ca/
81,pot lights installation,6479579735,https://potlightsinstallation.com/
83,Jayco Electrical,6474002823,http://jaycoelectrical.com/
86,Advantage Electrical Solutions Inc.,9056192374,
87,Female Electrician/General Contractor in the Durham Region ECRA/ESA Lic 7014027,6476094700,
88,Flagship Electric,9057062942,
91,Oshawa Electrical Services,3658006859,
94,J.C. Electrical Inc,9057069355,http://www.jcelectrical.ca/
96,Brooklin Electric Limited,9056650002,http://www.brooklinelectric.com/
97,JK Lighting Solutions - Pot Lights Installation,4377474782,https://jklightingsolutions.com/
99,Aline Utility,7053207563,
101,Power Blitz Electrical,18556080178,https://www.powerblitz.ca/?utm_source=gmb&utm_medium=website
103,Randy Perry Electric Ltd.,9055570072,http://www.randyperryelectric.com/
105,Superior Solutions Contracting,2896771945,https://oshawageneralcontracting.ca/
108,Ampfinity Electrical Services,4168412653,http://www.ampfinity.ca/
110,Windcrest Electrical,4165270878,
113,Essential Integrity Electric,6478329536,
114,A.S. Electrical Services Ltd.,4167378593,https://aselectrical.ca/
115,Envirotech Insulation Inc,2892746600,http://www.envirotechinsulation.ca/
117,Varg inc. Electrical Contractor,4168059418,https://www.vargelectric.com/
120,Eplus Wiring and Electrical Ltd.,4168540108,https://www.epluswiringandelectrical.com/
121,Solutions Electrical,4167660466,https://solutionselectrical.ca/
123,Electricians in North York,6478323800,https://electriciansnorthyork.com/
124,Vivid Electric Inc,6474094094,https://vividelectric.ca/
125,Influx Electric,4162524470,http://www.influxelectric.com/
127,GCCElectric,4168480071,https://gccelectric.com/
132,Mapleleaf Electric Inc,6473443320,http://www.mapleleafelectricinc.com/
133,Trust Electric Works LTD,6477855208,
135,YT Electric Ltd.,4168859048,http://www.ytelectric.com/
136,Vicamp Electrical Pot light installation,4167230541,http://www.vicamp.net/
138,Ampower Electrical Contractors,9057937193,http://www.ampowerelectric.com/
139,Electrician License,18883610003,https://www.electricianlicense.com/
140,Trust Electric Inc,4163153356,http://www.trustelectric.ca/
142,Wiljan Electrical Inc,6479293873,https://www.wiljan.ca/
143,Absolute Power Electrical Contracting Ltd. - Toronto,4164020949,https://absolute-power-electrical-contracting-ltd.business.site/?utm_source=gmb&utm_medium=referral
144,AJ and Associates,4165298152,http://www.ajandassociates.ca/
145,Green Tech Electric Inc.,18008289750,http://greentechelectric.ca/
146,Marx Mechanical Contracting,2893010720,https://marxmechanical.com/
147,Smith and Long (Head Office),4163910443,http://www.smithandlong.com/
148,Bermis Inc,9054544401,https://bermis.com/
149,RONA Port Perry,9059857334,https://www.rona.ca/en/Rona-port-perry-port-perry?y_source=1_MzkxNzQwOS03MTUtbG9jYXRpb24ud2Vic2l0ZQ%3D%3D
152,"Nedco - Oshawa, ON",9057218400,https://www.nedco.ca/cnd/Oshawa/store/h-WR
153,Bron Electric,4169947542,
154,A.S. Electrical Services Ltd.,9058877632,https://aselectrical.ca/electrician-oakville-milton/contact.html
156,RA Tech Electrical Services INC,9058574212,http://www.ratech.ca/
157,Renew Electric,4168274149,http://www.renew-electric.com/
158,All Power Electric,4166163405,http://allpowerelectric.ca/
160,Whole House Electrical Services,4167620142,
161,Toronto Electrician,6479338444,https://torontoelectrical.blogspot.com/
162,EVM Electric,9057690840,http://www.evmelectric.com/
163,APS Electric,4164560545,http://aps-electric.ca/
164,Sparks Lighting and Electric Co. Ltd.,6475771171,https://sparkselectric.ca/
166,Tri-Amp Electrical Services Ltd.,4165459075,https://triamp.ca/
167,E M F Electrical Services,9054058836,http://emfelectrical.ca/
169,Mandi Electric Inc,4167237819,https://www.mandielectric.ca/
170,A. A. Carter Electric Ltd.,4169931335,http://www.aacarterelectric.com/
173,Muzzell Electrical,5192702096,http://www.muzzellelectrical.ca/
175,BOOST ELECTRIC,6477786162,
176,Kudlak-Baird Ltd,9056243479,https://kudlak-baird.com/
177,Big City Electric,6475672737,
179,Bradco Electrical Services Ltd,9058900506,http://www.bradcoelectric.com/
180,Parklane Electrical,9055108887,https://parklane-electrical.ca/
181,Victor Electric,9055269021,http://www.victorelectric.com/
182,Sheridan Electric Services Limited,18005178512,http://www.sheridanelectric.ca/
184,Capitol Electric,9052381555,
185,Township of Scugog Fire Station 1,9059852384,
187,Scugog Computers,9059852161,http://www.scugogcomputers.com/
189,Genco Electrical & Mechanical Ltd,4162340575,http://www.gencoelectric.com/
190,International Brotherhood Of Electrical Workers Local 636,9052860330,http://www.ibewlocal636.com/
192,The Electric Company,9058208658,http://theelectriccompany.ca/
194,Lake Scugog Lumber Inc.,9059857391,http://www.scugoglumberrooftrussesontario.com/
195,RICO Lighting & Electrical Services,18882247426,http://www.ricoelectric.com/
197,Electric Potential,4168877233,http://www.electricpotential.ca/
198,Grab-A-Cab Port Perry,9059861111,
199,Maple Leaf Foods Inc,9059857373,https://www.mapleleaffoods.com/
200,Scugog Equipment Rentals,9059854416,http://www.scugogequipmentrental.ca/
201,Mainway Electric Ltd,9053335966,http://www.mainwayelectric.com/
202,Abacus Electric,9054391147,http://abacuselectric.ca/
205,Oday services Electrical contractor,4167227519,
206,Brothers Tech Solutions,9056383333,http://brotherstechsolutions.ca/
207,Denny’s Electric,9053888130,https://electrical-contractors.ca/
208,Scugog Chamber of Commerce,9059854971,http://scugogchamber.ca/
209,Mississauga Electrical,4163571729,https://www.mississaugaelectrical.ca/
210,Forecourt Electrical Services Inc,4168487406,https://forecourt-electrical-services.business.site/?utm_source=gmb&utm_medium=referral
212,"RICK,S ELECTRICAL SERVICE",6479557237,https://ricks-electrical-service.business.site/?utm_source=gmb&utm_medium=referral
215,Insight Electric Inc,4168002371,https://www.googleadservices.com/pagead/aclk?sa=L&ai=DChcSEwi-kZrL-d37AhWFh8gKHVfIAgUYABAIGgJxdQ&ohost=www.google.com&cid=CAASE-Ro00gOc1fF-uZn9cU8dzsiQoI&sig=AOD64_3tpOw5CA9N8pvoorU_jL64l3dyoQ&q=&ctype=99&ved=2ahUKEwj5-pHL-d37AhVeEVkFHaaYBPoQhKwBegQIGRAs&adurl=
226,DJD Electrical Contracting Inc,4169021590,http://www.djdcontracting.com/
230,Phoenix Electrical Services Inc.,4165096682,http://www.phoenixelectricalstouffville.ca/
235,Luminar Electrical and General Contractors,6472846785,
236,NextGen Electrical Services Ltd.,6479953722,https://www.googleadservices.com/pagead/aclk?sa=L&ai=DChcSEwiFkcnS-d37AhXM_-MHHTsFAYoYABAAGgJ5bQ&ohost=www.google.com&cid=CAASE-Rocdh-33voyJaPk7sb2Q74Qo8&sig=AOD64_24dWaOJkfFKmsJIkr0KdcaQ0D4CA&q=&ctype=99&ved=2ahUKEwir7MHS-d37AhXmkYkEHZTsARw4FBCErAF6BAgBEBU&adurl=
239,ABM Electrical Contractors Ltd,2897961815,http://abmelectric.ca/
240,Modern Electrical Construction Services,9056426942,
251,KIYAN ELECTRIC INC- Licensed Electrician - electrical and lighting contractor,4164504030,http://www.kiyanelectric.ca/
253,JTL & Son Ltd,9052947500,
255,Surrge - Best Electrician Services,9059631615,https://surrge.ca/?utm_source=Google+Business+Profile&utm_medium=GMB&utm_campaign=GMB&utm_id=Local+Listing&utm_term=GMB&utm_content=GMB
260,Duke of York Electric,9053340732,https://dukeofyorkelectric.com/
261,ProTech-Electric,6479658988,http://protech-electric.ca/
262,AC DC Electricians,6477395353,http://www.acdcelectricians.ca/
263,BigGuy Electric Inc.,9058678017,http://bigguyelectricinc.com/
264,Newmarket electrical services | Moon Tech Electric,2893951932,http://www.moontechelectric.net/
269,Sam Electric,4162588794,https://samelectric.ca/
274,Mr. Electric of GTA West,18664324865,https://mrelectric.com/gta-west/?cid=LSTL_MRE-CA000274&utm_source=gmb&utm_campaign=local&utm_medium=organic
276,Mr. Express Electric,6476128000,http://www.mrexpresselectric.ca/
277,PowerLink Solutions Inc,6479935465,http://www.powerlinksolutions.com/
278,Custom and Quality inc,4166703703,http://www.customandquality.com/
283,Holley Electric Ltd,9054511505,http://www.holleyelectric.ca/
284,24/7 ELECTRICIAN | MMS Electric .,5878902680,https://electrician-calgary.ca/
288,AC Electrical - Your Home Electricians,4166988100,https://acelectrical.ca/?utm_source=google&utm_medium=organic&utm_campaign=local&utm_content=Scarborough
289,Think Green Electrical,6474707267,http://thinkgreenelectrical.com/
290,Kancal Electric Inc.,4166172348,https://kancalelectric.com/
291,Peel Electrical Contractors Inc,4165299234,http://www.peelelectricialcontractors.ca/
292,M7 Power | Commercial and Industrial Licensed Electricians Mississauga,6479058461,https://www.m7power.com/
295,"Safe Electrical Solutions - Residential Electrician, Emergency Electrical Service",4162367100,https://safeelectricalsolutions.com/
296,"Kuik Electric, Inc.",15082782802,http://kuikelectric.com/
304,Amped Electric,17742484723,http://www.ampedelectricma.com/
305,Corlan Electric Inc.,9056242533,http://www.corlanelectric.com/
306,WINRIS Electrician,4168389020,
308,AR Electrical Services Inc,4166609923,http://arelectrical.ca/
309,Electrician in Etobicoke,4378878911,https://torontoelectricwiringinstall.blogspot.com/
311,Ontime Electric - Electricians Toronto,4168826000,http://ontime-electric.ca/
313,STS Electrical Ltd.,4166441543,https://www.sts-na.com/
314,"Autumn Electric, LLC",15082789596,
315,David Aires Master Electrician,17745730923,
317,The Flooring Barn #WhereFashionMeetsFloors,9058529215,http://www.theflooringbarn.com/
319,Connectus Electric Inc.,6477727555,http://www.connectuselectric.ca/
320,Star Service Electrical Contracting Inc.,4164564736,http://www.starserviceelectrical.ca/
322,NSC Electric Inc.,9054663923,https://nscelectric.com/
323,Pro Trade Electric,7057022799,https://protradeelectric.ca/
326,Birnie Home Safe,9055691818,http://birniehomesafe.com/
327,Mu Electric Ltd,4168593922,
328,"Langstaff & Sloan Inc | Electrical Contractors | Commercial Electrical Services | Toronto, Ontario",4165032033,https://langstaffandsloan.com/?utm_source=GMBlisting&utm_medium=organic
329,Stratton Electric Co,15082782703,https://strattonelectric.net/
330,2 B Wired Inc,4167356661,http://www.2bwired.ca/
332,B & R Electric,9058141881,http://brelectric.ca/?y_source=1_NDQzNDYzNTYtNzE1LWxvY2F0aW9uLndlYnNpdGU%3D
334,JML Electric,9054697524,http://jmlelectric.ca/
335,Gauthier Electric Mississauga,9058555355,https://gauthier-electric-mississauga.business.site/?utm_source=gmb&utm_medium=referral
336,C Α ELECTRICIAN,6476969160,
338,Can Power Electric,9053320446,http://www.canpowerelectric.ca/
341,PCC Electrical Services Ltd,447725562140,http://www.electrician-uxbridge.co.uk/
350,Wilson Electric Installations Inc,6476961723,http://www.wilsonelectricinc.ca/?utm_campaign=gmb
353,Beetham Electric,9054490890,http://www.beethamelectric.com/
357,Vickery Electric,9056681108,https://www.vickeryelectric.com/
360,CMD Electric Ltd.,9059950476,http://www.cmdelectric.ca/
363,Mace Electric,6475346223,http://maceelectric.ca/
367,D. Randall Industrial Electric,9054339955,http://www.randallelectric.ca/
368,Clash Electric Ltd,9056689992,
369,Surefoot Electric,9055792690,https://surefootelectric.com/
377,ARJO Electric Inc.,4165737730,http://arjoelectric.ca/
381,Rand Electric,9056838299,http://www.randelectric.ca/
382,CFI Electric Ltd,4165759999,https://www.cfielectric.ca/
393,Enercare,9052452903,https://www.googleadservices.com/pagead/aclk?sa=L&ai=DChcSEwiQ_eKN-t37AhVJ9uMHHdqSAPQYABAAGgJ5bQ&ohost=www.google.com&cid=CAASE-Ro3ysvGCRwJQYutj-FEVHT2nI&sig=AOD64_0Z7xFYkxeAwcPcAp6k0snVArlruw&q=&ctype=99&ved=2ahUKEwiU89qN-t37AhUblIkEHdi_DpQ4KBCErAF6BAgBECw&adurl=
398,Riley Group Electrical Limited - Licensed electricians,4168960669,http://www.therileygroup4.com/
399,Amped Electrical & Contracting,2896004085,
402,Townsend Electric Ltd,9057232343,
407,Pro Trade Electric,4162541161,https://enricoelectric.ca/
411,"Reliance Heating, Air Conditioning & Plumbing",9057256548,https://reliancehomecomfort.com/durham/?utm_source=google&utm_medium=organic&utm_campaign=gmb
416,MDK ELECTRIC LTD,9054287622,http://www.mdkelectric.ca/
417,A.G. James Electrical Ltd.,9056192183,
418,Electro Works Ltd,9054329202,http://electro-works.ca/
423,NSW Electric,4165653506,http://www.nswelectric.com/
424,Ajax Electrical,2892756543,https://www.ajaxelectrical.com/
425,Thomas Electric Inc,9057202223,http://www.thomaselectric.ca/
426,SMM Electric,6477054321,http://www.smmelectric.com/
429,BEC ELECTRIC INC.,9052398800,
433,E-Care Electrical Services,4167373103,http://www.ecareelectrical.ca/
435,Enbridge Electric Connections Inc,9054323162,
439,Limcan Certified Heating and Air Conditioning,9054272577,https://www.limcancertified.ca/?utm_source=google&utm_medium=gmb&utm_campaign=limcan-gmb
444,J W Contracting,9056661400,http://jwcontracting.com/
445,High ceilings Chandelier Installation,4169102020,https://high-ceilings-chandelier.business.site/
456,Rushforth Electric and Heating 1976 Limited,4164217262,http://www.rushforth-electric.com/
464,Shaboom Handyman,9056267967,
465,Global Electrical Contractors,4168221286,https://globalelectricalcontractors.ca/
470,Electrical,4167078654,
476,Alltech Electrical Systems Inc,9056196527,
482,Jocic Electric Inc.,4166884459,
485,Tony's Electric Company,4162879979,
495,Set Electric,4166166347,http://www.setelectric.ca/
496,Toronto Wiring,6478476252,http://torontowiring.com/
498,PCMINC,6476414751,http://profilecabinetry.com/
506,Nortown Electrical Contractors Associates,4166386700,
507,Task-co Building Maintenance,9052404412,https://task-co.com/
509,Precision Electric,9053345202,http://www.precisionelectric.ca/
515,The Green Electrician,4165789258,http://thegreenelectrician.ca/
516,Effective Electrical,4168417835,https://effectiveelectrical.ca/
519,Solus Electrical & Renovations,6472612704,http://www.soluselectrical.com/
522,Elexicon Group,18007696832,https://elexicongroup.com/
526,H MAN ELECTRIC,4168381999,https://www.hmanelectric.ca/
527,Colony Electrical Inc.,4162728610,http://www.colonyelectrical.com/
531,Kennedy Electric & Cabling,9053084567,http://www.kelectric.ca/
533,D. Sayers Electric Inc,9052573728,http://dsayerselectric.ca/
534,Mainguy & Son's Electrical,7058755061,http://www.mainguyandsonselectrical.ca/
539,NAS Electrical Contracting,6479834186,https://nas-electrical.ca/
540,Pro-Connect Electrical Services,9058475000,http://www.proconnectelectric.ca/
541,Nomis Electric,4167174704,http://www.nomiselectric.com/
543,Ohmega Electric Inc,9058422002,http://ohmegaelectric.com/
545,Hume Electrical Services (whitby) Ltd,447814584291,http://www.humeelectrical.co.uk/
557,JSM Electrical Services,9056387048,https://www.googleadservices.com/pagead/aclk?sa=L&ai=DChcSEwj5levZ-t37AhVJW3IKHTxQAR4YABAAGgJxdQ&ohost=www.google.com&cid=CAASE-RoBEDZ-hN4PIrPrT93pbbOtJs&sig=AOD64_2cqn8b4F2rfba2Nth-zsTGKAhabw&q=&ctype=99&ved=2ahUKEwiZ0-TZ-t37AhVnnHIEHbO6CP0QhKwBegQIBxAt&adurl=
558,Ivy League Electric Inc.,9056353919,https://www.theivyleagueway.ca/
559,Brant Electric Ltd,9056345577,https://www.brantelectriclimited.ca/
560,Halton Electric,9053352104,http://www.haltonelectric.com/
561,Canadian Electrical Services,9056813940,https://canadianelectricalservices.com/
562,Dynamize Electric Inc.,9052209244,http://www.dynamizeelectric.ca/
563,Mountainside Electric Inc.,9054663838,
565,Calibre Electric,18662222312,http://www.calibreelectric.com/
566,Rad electric inc.,4169537163,http://www.radelectric.ca/
569,Appleby Electrical Services,6478807748,
572,Veracity Electric Inc,9055203870,http://www.veracityelectric.ca/
573,Sunray Electric Company Ltd,4169900064,
574,Gauthier Electric Burlington,9059215555,https://gauthier-electric-burlington.business.site/?utm_source=gmb&utm_medium=referral
575,Van Herc Electrical Solutions,2899627330,https://vanherc.ca/
576,Digital Electric Inc.,18662352999,https://digitalelectric.ca/
577,Blackstone Electrical Services Inc,9055105693,http://www.blackstoneelectricalservices.com/
578,GEM Electrical Services,5197525989,https://www.googleadservices.com/pagead/aclk?sa=L&ai=DChcSEwjijMfh-t37AhXnE9QBHVaUBZ4YABAAGgJvYQ&ohost=www.google.com&cid=CAASE-Ron-dfHzkn9LTLP_flaJOPMg8&sig=AOD64_1NewrYmOkR7NcRfjlG6j2BpnBMrw&q=&ctype=99&ved=2ahUKEwjfkL_h-t37AhWAnGoFHYDuBXY4FBCErAF6BAgVEBU&adurl=
580,Ele-Com Electrical Services Inc.,9055388001,http://www.ele-com.ca/
581,Reliable Lighting Solutions Inc,6476245097,http://www.reliablelightingsolutions.ca/
582,Babil Electric,6478714220,https://babilelectric.com/
583,Soder Electric Inc,9056819604,
584,Silva Electrical Control & Design Inc,9056395049,http://www.silvaelectric.ca/
587,KV Electric Enterprises Inc.,9056328313,http://kvelectrician.com/
588,MMS Electrical,9056359289,http://www.mmselectrical.ca/
590,Titan General Contracting,9059799779,https://titanelectrical.ca/
593,Enlightened Electrical,9054845776,https://enlightenedelectrical.ca/
594,Willxon Electric Group Inc.,2892085516,http://willxon.com/
595,South-View Electrical INC,9053317077,http://www.south-view.ca/
598,Ducon Utilities Ltd,9056342235,http://www.ducon.ca/
600,JMC Electric Ltd.,9054511830,https://www.googleadservices.com/pagead/aclk?sa=L&ai=DChcSEwiY1afo-t37AhW9FNQBHS9pC8gYABAAGgJvYQ&ohost=www.google.com&cid=CAASE-RolAmw9AYLqxJ5uQgLqQ9UzqQ&sig=AOD64_0mEgAKd4f6FyxjmhMmrQ8knpa_4A&q=&ctype=99&ved=2ahUKEwjZj6Do-t37AhUrmmoFHR9LCQM4KBCErAF6BAgBEBU&adurl=
603,Spark Power,18337757697,https://sparkpowercorp.com/
606,All Round Electric,9053208369,
608,Robinson Electric Ltd,9056315555,
615,Crown Electric Ltd,9058472804,http://www.crownelectricltd.ca/
628,Lorion Electric Inc.,4169483266,http://www.lorionelectric.com/
629,Vicamp Electrical Services,6474060543,http://vicampelectrical.ca/
633,Automated Control Systems & Electrical Maintenance,4168853493,https://www.automatedcontrolsystems.ca/
634,Chris Neeb Electric Ltd,9056904873,
642,Zeus Electrical Systems Ltd.,4164364940,http://www.zeuselectricalsystems.ca/
643,Abbey Electric,6472283336,http://abbeyelectric.ca/
644,Hammer Electric,9057020726,http://www.hammerelectric.ca/
645,Carney Electric Limited,9058779711,http://www.carneyelectric.ca/
646,DEKER eLeCTRIC,9057020515,https://www.dekerelectric.ca/
647,Ramrock Electric Div Of 429382 Ont Ltd,9058773661,
648,LKB Electric Inc.,9058768782,https://www.lkbelectric.ca/
649,Arthur Electric Inc,9058761451,http://www.arthurelectric.com/
650,Swiss Electric Ltd,9058738055,http://www.swisselectric.com/
651,Static Electrical Services,4163465359,http://www.staticelectricalcanada.com/
652,Halton Hills Electrical Contracting,5198532572,
653,SR Electric,6475447423,http://www.srelectric.ca/
656,Bill,6472937151,
657,HDE Electric,9058732433,
658,North Country Electric,9058773360,
659,Higgins Electrical Contracting,5198535558,http://www.hecs.ca/
664,SGS Electrical Inc.,4169192997,http://sgselectrical.com/
665,RMS Electric Inc,4166680657,http://rmselectricinc.com/
667,N&J Electric INC,6475327388,
670,Raspen Electric,2898789299,http://raspenelectric.com/
671,B & T Electric Contracting Ltd,9057021877,
673,Georgetown Electric,9057034123,
676,E-M-F Electrical Services,9058644232,
679,MMD Electric Inc.,4167296022,http://www.mmdelectric.com/
686,Sea Energy Services Inc.,4165254064,
687,Milton Electric,2897688333,https://www.miltonelectric.ca/
688,Norris Electrical,6472733825,https://norriselectrical.ca/
689,B&B Electrical Services,9057914411,
690,AC Electric Inc.,18885271518,http://acelectricinc.ca/
692,Applied Wiring Assemblies Inc,9058731717,https://www.appliedwiring.com/
701,Lankan Electric Inc,4166279740,
712,Artane Electric,9056992556,http://www.artaneelectric.com/
713,Concepts 2 Completion Inc.,6473332339,http://concepts2completion.ca/?y_source=1_NTkyMDAxMDctNzE1LWxvY2F0aW9uLndlYnNpdGU%3D
715,R & B Construction Services Inc.,9058777268,http://rbcon.ca/
716,Canadian Electrical Services,9053377585,https://canadianelectricalservices.com/
717,Vercon Enterprise INC,4167375567,https://www.verconelectrical.com/
718,Tutt Electric,9058777207,
719,Gauthier Electric,9058155555,http://gauthier-electric-oakville.business.site/
724,3e Electrical - Awarded Best-In-Service,6475607995,https://3eelectrical.ca/
727,NWML Electric Inc.,2897955735,
730,JPR Electrical Services Inc.,9058451919,http://www.contactjpr.ca/
731,Canadian Electrical Services,9058788698,https://canadianelectricalservices.com/
734,Octo Electric Ltd.,9052089922,http://www.octoelectric.ca/
740,Modern Tech Electric inc,5194006555,https://moderntechelectric.ca/
753,JE Electrical services,9056995389,https://www.jeelectrical.ca/
755,Fay's Electric Inc,9058782048,http://www.fayselectric.ca/
757,Lasco Electric Inc,9058763333,
758,Gooding Electric,9056917199,
761,Nadalin Electric Co,9058784111,
764,BNR Electric Inc,9058785501,https://bnrelectric.ca/
771,Electrician,6478082041,
774,Primary Electrical Supply,9058781695,http://www.primaryelectrical.com/
775,MARS Lighting & Electrical Supplies Distribution (MarsLED),9058789997,http://shopmarsled.com/
780,ZS Electric Inc,4167329422,https://zselectric.ca/
788,"Nedco - Milton, ON",9058763757,https://www.nedco.ca/cnd/Milton/store/m-WR
789,Eco-stream Electric Ltd,4168235489,
793,iCheck Inc,18666256251,http://icheckinc.ca/
794,Milton Auto Electric,9052030509,http://www.miltonautoelectric.com/
803,ElecTriLight Ltd,2892598751,http://www.electrilight.ca/
804,Electrotech Electrical & Communications Services Inc,9058581201,https://electrotechinc.ca/
805,Gerrie Electric Milton,9058788406,https://www.gerrie.com/
809,Sheehan Electrical Services,4165750317,http://www.sheehanelectricalservices.com/
812,Electricalexam.ca,4168411399,https://electricalexam.ca/
815,"DT Griffin & Associates, Inc.",9053015453,http://www.goldbook.ca/oakville-on/electric-contractors/dt-griffin-electric-inc-4664/
816,Alpha Electric Ltd,4167239032,https://www.alphaelectricltd.ca/
829,Elex Electric Co,9058212332,
838,M7 Power | Licensed Electricians Oakville,6475590251,http://m7power.com/
839,Milton Home Improvements,9057241993,https://miltonhomeimprovements.ca/
846,CF Crozier & Associates Consulting Engineers,9058750026,http://www.cfcrozier.ca/
847,Master In Electric,9059512709,https://masterinelectric.ca/
852,Current Technologies Ltd.,4162407691,http://currenttechnologies.ca/
853,Electric-All,2262010039,
854,Small Jobs Specialist,9053348178,http://www.smalljobsspecialist.ca/
855,Potlight Master,4162626849,http://www.potlightmaster.com/
859,Master Homes Contracting,6478667717,http://callmasterhomes.ca/
861,Milton Electric Co,14102763420,https://www.miltonelectric.com/?utm_source=GMB&utm_medium=organic
862,Kronos Electrical Contractors Ltd.,4165791707,https://kronoselectrical.ca/?utm_source=google&utm_medium=organic&utm_campaign=gmb-listing
864,Milton Hydro Distribution,9058764611,https://www.miltonhydro.com/
866,Elmar Electric Ltd.,18444435627,http://www.elmarelectric.ca/
868,Complete Audio Visual Inc,9058763958,http://www.completeaudiovisual.ca/
892,Dorval Electric,9058454341,https://dorvalelectric.ca/
893,Carbone Electric Limited,9058495656,http://www.carboneelectric.com/
895,A C & C Electric Ltd,9054651661,
898,Lexsan Electrical Inc,9058476504,
904,M S Electric Co Ltd,9058277426,https://mselectric.ca/
907,JPR Electrical Services Inc,9054692224,
909,Oakville Electric Inc.,9053305687,
910,Atlas Electric Corp.,2893863601,http://www.atlaselectriccorp.ca/
912,Westoak Electric Ltd.,4167203511,http://westoakelectric.com/
913,Phoenix Control,2892910161,
915,Mark Electric Inc,4163471776,
931,Sauga Electric,4168574848,http://saugaelectric.ca/
943,E.C. Power & Lighting Ltd.,9058159464,http://www.ecpowerlightingltd.com/
945,Sentral HVAC & Plumbing,9058291333,http://sentralhvacplumbing.ca/
946,Homepros licensed electricians Mississauga LTD.,6476943757,http://www.electricalcompany.ca/
952,"Nedco - Oakville, ON",9058274421,https://www.nedco.ca/cnd/Oakville/store/%26-WR
955,Omega Electrical Contractors Inc,6472940526,http://www.omegaelectricalcontractors.com/
956,HS Electric,6473351515,https://hselectric.wixsite.com/website
958,Home Renovation Contractors By Red Stone Contracting,9059011006,http://redstonecontracting.com/
970,Tri-Tech,9056078500,http://www.tritechelectric.ca/
973,nonstopelectrical,6474717751,
975,Bucci Electric,9052577921,
981,Hepburn Electrical & Contracting Ltd,9056813737,http://hepburnelectric.com/
987,Bracer EV,6475318530,https://www.bracerev.com/
993,BX Electrical,4165709977,http://bxelectrical.ca/
1000,Home Services at The Home Depot,18004663337,https://stores.homedepot.ca/on/oakville/home-services/?utm_source=google&utm_medium=organic&utm_campaign=local&utm_content=HS7157
1008,Gerrie Electric Oakville,9058452891,http://www.gerrie.com/
1015,Inspec Homes Home Inspector Oakville - Ron Wiseman,3652924663,http://www.inspechomes.com/
1016,Thiel Electrical Contracting Ltd,4165240356,
1018,Siemens,9054658000,https://new.siemens.com/ca/en.html?stc=wwsi111586
1024,Handyman Oakville,9055920714,
1025,The Tile Man,6472805415,https://www.thetileman.ca/
1030,SENSUS Communication Solutions,18888277200,https://www.sensusinc.com/
1035,Stack Electric,9055129428,https://www.stackelectric.ca/
1037,T P L Construction Ltd,9055674637,http://tppu.ca/
1045,Truck Rental at The Home Depot,9054697116,https://www.homedepot.ca/en/home/tool-and-vehicle-rental/truck-and-van-rental-faq.html?utm_source=google&utm_medium=organic&utm_campaign=local&utm_content=TRUCK7115
1047,Elsen Electric Incorporated,9052723460,https://www.elsenelectric.com/
1049,Homepros,9058234663,http://www.homepros.ca/
1054,Spark Power,9058293336,http://sparkpowercorp.com/
1055,Canadian Sound Limited,9058447600,http://www.canadiansound.com/
1057,Thorvin Electronics Inc.,9058293040,https://www.thorvinelectronics.com/
1061,Apollo Electric Inc.,9059215487,http://www.apolloelectricinc.ca/
1064,Potlight Expert,4168795908,http://www.potlightexpert.com/
1074,Digital Fire,2898152557,https://www.digitalfire.ca/
1075,"Reliance Heating, Air Conditioning & Plumbing",9056339581,https://reliancehomecomfort.com/burlington/?utm_source=google&utm_medium=organic&utm_campaign=gmb
1077,Electrical Safety Authority,18773727233,http://www.esasafe.com/
1078,Peel Heating & Air Conditioning,2899481650,https://peelheating.ca/?utm_source=google&utm_medium=gmb&utm_campaign=peel-gmb
1080,Lion Electric,6479524698,http://lionelectric.ca/
1097,Brampton Electric Inc.,2899272279,https://bramptonelectric.ca/
1099,Extron Electric & Plumbing LTD,4168056144,http://extron.ca/
1100,Insight Electric Inc,4166171796,
1101,Serin Electrical Inc,4168199494,http://instagram.com/serinelectrical
1103,KCS Electrical Group,6479790549,https://kcsgroup.ca/
1105,Bram Town Electric,6476782413,
1107,ABS Electric Ltd,4164568790,http://abselectric.ca/
1108,Elite Electrical Solutions Ltd,9057895511,https://elite-electrical-solutions-ltd.business.site/
1109,Tej Electric Ltd.,4168169850,https://tej-electric-ltd.business.site/
1110,Skyline Reno & Electrical Solutions,6474992525,https://manage.wix.com/account/sites/d7797e1e-e0c2-4258-b685-5f1ed3061aba
1111,Superior Power Electric Ltd.,4168936752,http://www.superiorpowerelectric.ca/
1112,Avon Electric Co.Ltd,9057896540,http://www.avonelectric.ca/
1113,EVA GENERAL CONTRACTING,6477122227,https://eva-general-contracting.business.site/?utm_source=gmb&utm_medium=referral
1114,J & W Electric,9057928886,https://jandwelectric.com/
1115,A.S.T Electrical Inc.,6473388601,
1118,Canadian Electrical Contracting Company,9057831525,http://canadianelectricalcontractingcompany.com/
1119,Supreme Electrical Inc.,6479891666,https://supreme-electrical.business.site/
1120,T P Electric,9054587778,https://www.tpelectric.com/
1121,Star Electrical Services Inc,9057993883,http://starelectrical.ca/
1123,Post Electric,4167389623,http://postelectric.ca/
1124,Apex Enterprise (Electrical Contractors),6473023543,https://apexenterprise.ca/
1125,J Electric Inc.,4168970894,https://www.jelectric.ca/
1126,True Blue Electric Inc.,6472221542,http://www.trueblueelectric.ca/
1128,GR Electric,9058380621,http://www.grelectric.ca/
1131,Penstock Electric,6473090179,https://penstockelectric.com/contact/
1132,DLH Electric,4166055703,https://dlhelectric.ca/
1134,Phazer Electric,9058211650,http://www.phazer.ca/
1135,Jm Auto Electric,9055951267,http://jmautoelectric.com/
1137,"Gart Electric, Inc.",6478493640,http://www.gartelectricinc.com/
1140,Durock Electric Inc,6479782876,
1141,Sparklife Electrical & Lighting Service,4169020376,
1143,Hansco Electric Ltd,9054568000,
1144,WeCare Electric Services INC.,4167170927,http://wecareelectric.ca/
1145,WAN ELECTRICAL SERVICES INC,6476075606,https://wan-electrical-services-inc.business.site/?utm_source=gmb&utm_medium=referral
1147,Jwala Electrical Inc.,6476294107,
1148,Best Electric Brampton,2897993802,http://www.bestelectriciantoronto.ca/locations/brampton.html
1150,Igman Electric Ltd,9057917733,http://igmanelectric.com/
1152,Leader Electric Limited,9052755377,
1153,A1 Electrical Inc.,6479602900,http://a1electrical.ca/
1156,LIGHT PLUS ELECTRICAL,6479860660,
1157,ANC Electric,9057907595,http://ancelectric.ca/
1159,Martech Electrical Services,4164739357,
1162,Springdale Electric Limited,9057910070,http://www.springdaleelectric.com/
1163,Lisburn Electrical Services Ltd,9054526200,
1164,E.D.M Construction Electrical Design and Maintenance LTD,4378552955,
1165,Voltron Electric Inc.,4164642754,
1169,M A Industrial Electric Inc,9054593903,http://maindustrialelectric.com/
1173,P T Post Enterprises Inc,9054575649,
1180,Quality Electrical & Maintenance Contracting,6478633371,http://qualityelectricalcontracting.ca/
1190,ACE ELECTRIC,4168333006,
1191,30th Century Electrical,6479951236,https://30thcenturyelectri.wixsite.com/cal-inc
1197,Ampson E M C Electric,9058402989,http://www.ampson.ca/
1200,Glidden Auto Electric,9057694404,
1202,"Ashcare - Electrical, Plumbing, Appliances Installation and Repair Services in GTA",6477824178,https://ashcare.ca/
1206,M G Electrical Solutions,9055984354,
1211,Harwell Electric Supply Co Ltd,9054562622,http://www.harwellelectric.com/
1217,Bramalea Auto Electric Service,9057921150,
1218,First Choice Renovations and General Contracting,9057837811,
1223,Renforth Electrical Services,4164180796,http://renforthelectric.com/
1225,Watts Happening Electrical Services,9056730443,
1229,Nanak Electrical Ltd,6476293400,
1234,Blue Electrical INC,6478019983,https://www.blueelectric.ca/
1235,A & A Rewind Ltd,9054582255,
1241,Mytech Electronics,9054548859,
1242,Budge Electric,9058573827,
1243,Danmar Electric Limited,9055950545,http://www.danmarelectric.ca/
1244,RBS Renovation,6479147369,http://rbsrenovation.com/
1251,The Electrical Works Ltd.,4162520561,http://electrical-works.ca/
1254,prime heating & cooling services,6479673877,https://primeheatingcooling.ca/
1260,OHM LED ELECTRIC,6476574586,https://www.ohmledelectric.com/
1264,City Electric Supply Brampton,9054527752,http://www.cityelectricsupply.ca/
1265,Argo Electrical Service,4167078256,
1272,O.T Home Decor & Renovations,6472713874,http://www.othomerenovations.com/
1276,Modern Niagara,4167483882,http://modernniagara.com/
1278,Team1ss Performance,6476464914,
1280,Ready and Easy Electric,6478212729,https://readyandeasyelectric.com/
1284,Elcolem,4168023020,http://www.elcolem.com/
1298,Cirtech Electric,4162204740,https://www.cirtechelectric.com/
1300,Speedy Electric Motors Ltd,9056733311,
1302,Truck Rental at The Home Depot,9054533900,https://www.homedepot.ca/en/home/tool-and-vehicle-rental/truck-and-van-rental-faq.html?utm_source=google&utm_medium=organic&utm_campaign=local&utm_content=TRUCK7301
1303,Truck Rental at The Home Depot,9057925431,https://www.homedepot.ca/en/home/tool-and-vehicle-rental/truck-and-van-rental-faq.html?utm_source=google&utm_medium=organic&utm_campaign=local&utm_content=TRUCK7110
1306,Mr. Potlight - Pot Light Installation Service,4167024401,http://www.mrpotlight.com/
1308,Truck Rental at The Home Depot,9054942206,https://www.homedepot.ca/en/home/tool-and-vehicle-rental/truck-and-van-rental-faq.html?utm_source=google&utm_medium=organic&utm_campaign=local&utm_content=TRUCK7239
1316,HBH Electrical,4166661000,http://www.zerovolt.ca/
1317,SOS Electric Services,4162582210,
1320,Go Green Electric,5192174000,
1333,Bolton Electric Company Incorporated,9059513333,http://www.boltonelectric.com/
1334,Hogg & Nevills Electric,9058432358,https://www.hoggandnevillselectric.com/
1339,Panson Electric,9059516112,http://www.panson.ca/
1342,Ancon Electric Ltd.,9058668201,
1347,Rego Electric,6476141540,https://regoelectric.business.site/?utm_source=gmb&utm_medium=referral
1351,Quantum Electrical Contracting Ltd.,6478395459,https://quantum-electrical-contracting-ltd.business.site/?utm_source=gmb&utm_medium=referral
1354,Davidson's Electrical Service Inc,5199431159,http://www.davidsonselectrical.ca/
1357,Gatt Electric Ltd,5199429325,https://www.gattelectric.ca/
1363,Solo Electric Ltd,4169847656,http://www.soloelectric.ca/
1367,Linton Electric,4168012769,
1369,Waltec Electrical Services Ltd,9059512922,http://www.waltecelectrical.com/
1370,Sanjo Construction Inc,6477710074,http://www.sanjoconstructioninc.com/
1372,Sgt Electric Ltd,9058380433,http://sgtelectric.com/
1373,J K Electric,5199412813,http://www.jk-electric.ca/
1381,Tybrad Electric Ltd (1986),9058571797,https://tybrad.com/
1382,ElectricDr,9057691411,https://electricdr.ca/
1384,AC Electrical Services,5198062299,
1386,Bolton Electrical & Lighting Supply,9058574445,https://boltonelectricalsupply.com/
1388,Thompson Electric,5198339078,
1399,Cali Electric Inc.,6475546901,https://cali-electric.business.site/?utm_source=gmb&utm_medium=referral
1402,Salson Electric Limited,9057609018,http://www.salsonelectric.com/
1404,Professional Electrical Services,6472584223,http://professional-electrical.ca/
1408,Langen Electric Ltd,9058575151,
1430,TiPro Electric Corp.,4165663837,http://tiproelectric.ca/
1431,Arc Electrical,9058160234,http://www.arcelectrical.ca/
1432,Alliance Electrical & Automation Inc.,18339606787,https://automationelectrician.ca/
1434,R&H Electric,6472589557,http://www.rhelectrical.ca/
1438,Humber Electrical Limited,6479967691,http://mylocalelectrician.ca/
1442,Solution Electric,4166954377,http://www.solutionelectric.ca/
1443,K & S Electricians,6473705833,
1446,ZSD Electric,9059978834,https://zsdelectric.ca/
1451,Longhouse Electric,6475888120,https://longhouseelectric.ca/
1453,B-Safe Electric Ltd,9058727233,http://www.b-safeelectric.ca/
1463,HGL Electrical,6472923519,
1466,THRUSH CONSTRUCTION & ELECTRICAL,9058776868,http://www.thrushce.com/
1467,Voltech Electrical Services Ltd,9055078570,
1468,Felli Electric Ltd,9052707575,
1470,Bogdan Electric Ltd,4164549675,https://www.bogdanelectric.com/
1472,World Wide Electric Inc,9057123622,http://wwe.ca/
1473,Switch Electric Limited,9055642896,
1474,Sigma Electric,4168770372,https://www.sigmaelectric.ca/
1475,Cartronix Auto Electrical,4168265169,
1481,Mirek Electric,4165430505,http://www.mirekelectric.com/
1482,Green Source Electrical,6477938927,http://www.greensourcelectricaltoronto.com/
1487,Storm Electric Inc.,6474772222,http://storm-electric.com/
1489,Tristar Electric Inc,9056701642,http://www.tristarelectric.ca/
1497,Network Electric Ltd,9052061100,
1498,Vasco Electric Limited,6479233386,http://vascoelectric.ca/
1500,Connelly Electric,9058147998,
1501,R.M. Elecrtical Services,6475007647,http://www.rmelectrical.ca/
1503,Furena Electric,9056252320,
1509,A to Z Electrical,4169395526,http://atozelectrical.ca/
1516,AC Contracting,9052722230,http://www.accontractinginc.ca/
1520,H & G Control Company,9052385554,http://www.handgcontrol.com/
1523,Mesh Electric,4168882804,https://meshelectric.com/
1526,The State Group Inc.,9056722772,http://www.stategroup.com/
1529,Ridgewood Electric Limited,9054542721,http://ridgewood-electric.com/
1532,Deltro Electric Ltd.,18008661109,https://deltro.ca/
1537,Cawthra Electrical Supplies,9058048181,
1547,The State Group Inc,9058138062,https://stategroup.com/
1551,Musico Electric Contractors,4162593331,https://musicoelectric.com/
1556,Williams & Prior Ltd,4162595120,https://williamsandprior.com/
1557,GMG Engineering,9056021802,http://www.gmgeng.com/
1558,Hi-Lite Electric Inc,4162419296,https://www.hi-liteelectricinc.ca/?utm_source=gmb&utm_medium=organic
1559,Magneto Electric Service Company,9056259450,http://www.magnetoelectric.com/
1567,Surge Electric Inc.,6477674067,
1569,QuickFast Service Company,4166293213,https://www.quickfast.ca/
1575,Avers Electric,6479865793,https://www.averselectric.com/
1583,"Reliance Heating, Air Conditioning & Plumbing",9055692642,https://reliancehomecomfort.com/mississauga/?utm_source=google&utm_medium=organic&utm_campaign=gmb
1584,Lawson Electric Inc,4167869256,https://lawsonelectric.ca/
1588,Contact Electrical Services Inc.,6475627348,http://contactelectricalservices.ca/
1590,DiagnoTech Inc,9059168324,http://www.diagnotech.ca/
1592,Rev-Amp Electrical Equipment Ltd.,18003590066,http://www.revampelectrical.com/
1596,dbs,4162557370,http://www.dbsair.com/
1599,ADM Electrical Services Ltd.,9057814450,https://admelectrical.ca/
1602,Kentech Automation Inc,9056737772,http://www.kentechautomation.com/
1604,Powerful Group of Companies Inc.,18007428046,http://www.pgcservice.com/
1610,City Centre Interior Contractors Ltd,9058247392,http://citycentrecontractors.ca/
1613,Home Services at The Home Depot,2892126836,https://stores.homedepot.ca/on/mississauga/home-services/?utm_source=google&utm_medium=organic&utm_campaign=local&utm_content=HS7132
1614,V & N Electrician,2892708503,
1617,North Electric,7053503300,http://kawarthalakeselectrical.ca/
1627,Skilled Trades College of Canada - Mississauga Campus,9056141444,https://skilledtradescollege.ca/mississauga-campus/?utm_source=GMB_Mississauga&utm_medium=organic
1635,DeMan Construction Corp,9052770363,https://www.demancorp.com/
1636,Intell Electrical INC,6477811848,https://www.intellelectricalinc.com/
1639,Wellington Electrical Solutions Inc.,4164026145,
1640,Green Electric Solutions Inc.,4164737640,http://greenelectrics.ca/
1641,Mead Electric,9057275201,http://www.meadelectric.ca/
1642,Dr. pot light,6477797775,http://www.drpotlight.com/
1643,EZSMART CORPORATION,4168389006,http://www.ezsmart.ca/
1644,Molden Electrical Contractors,9057130008,
1645,R A Graham Contractors,9057631701,https://www.ragraham.ca/
1646,MBL Electrical Services,9055317370,http://mblelectric.com/
1647,Beta tech Electric,4165613592,
1648,Redtech Electric,4169398910,http://www.redtechelectric.com/
1653,Electrikz,2892219083,https://www.electrikz.com/
1654,Electric MD,9058954272,http://electricmd.ca/
1655,Bulldog Generators,9056423592,http://www.bulldoggenerators.com/
1657,Master Electric Inc.,9057167755,http://www.masterelectric.ca/
1662,PK Electrical Services,6473847872,https://www.pkelectrical.ca/
1665,MDC Electric,4162771235,https://mdcelectric.ca/?utm_source=google&utm_medium=organic&utm_campaign=gbp
1668,24/7 Electrical Service Inc,6479646730,http://www.247electricalservice.ca/
1669,Mann Electric Company Ltd,9058988900,http://mannelectric.ca/
1671,The Home Depot,9057264500,https://stores.homedepot.ca/on/aurora/home-improvement-aurora-on-7135.html?utm_source=google&utm_medium=organic&utm_campaign=local&utm_content=7135
1673,Ontarget Electric,2893382734,https://ontargetelectric.ca/
1675,Warning Electrical Services,17166527753,http://www.warningelectric.com/
1678,Electric FX,9057172391,http://electricfx.ca/
1685,ConstCorp Electric,6477875704,http://constcorp.ca/
1687,Pine Lane Electric Ltd.,7052389779,https://www.pinelaneelectric.com/
1688,Master Power City Inc,6472808760,https://masterpowercity.wixsite.com/website
1690,SafeWire Electrical,4169917979,http://safe-wire-electrical.com/
1694,Potlight Decor,6472194522,http://www.potlightdecor.com/
1695,Sky Energy Solutions Inc.,18775285153,http://www.skyenergysolutions.ca/
1696,Andrew Van Pelt Electric Ltd.,9058958005,http://www.avpelectric.ca/
1698,Next Step Electric,6479578806,
1705,Eureka Contracting,6478669414,https://eureka-contracting.business.site/
1707,Unique Potlight,4168024190,https://uniquepotlight.ca/
1708,Jeff Mackie Electric Ltd.,9052524991,http://jeffmackieelectric.com/
1709,ON Energy/Panel upgrade specialists/EV chargers Installation,6472627379,http://www.electricianintoronto.ca/
1712,WIRED UP ELECTRICAL SERVICES INC.,4165007622,http://www.wiredupservices.ca/
1713,Dan Trautman Electric,9058958432,
1714,SCO Electric Inc,9058535505,
1715,Mystical Knights,2892316714,https://mystical-knights.business.site/
1716,Enerpower Electric Ltd.,4164603149,https://www.enerpowerelectric.com/
1717,Electrical Connections,9058367220,
1719,Future Smart Tech Inc.,4167314390,
1725,CPS,4169106226,
1726,Kor Electric,9058539401,http://www.korelectric.ca/
1727,Solid Connections Electrical,9059604084,http://facebook.com/solidconnectionselectrical
1730,McKinney Electric Limited,9058309051,http://www.mckinneyelectric.ca/
1731,Claymore Electrical Services,9059674862,http://www.claymoreelectrical.com/
1734,"Nedco - Newmarket, ON",9058360900,https://www.nedco.ca/cnd/Newmarket/store/K-WR
1739,Hollows Electric,9057753606,
1745,Goldwing electrical ltd,6476762921,http://www.goldwingelectrical.com/
1748,Effect Electric Ltd.,4165087725,https://effectelectric.com/
1754,MV Electric,4165617448,http://mvelectric.ca/
1755,Barney's Auto Electric,9058300557,
1757,MEC Electric Inc.,4168916436,http://www.mecelectric.ca/
1759,JS Home Services,9059541513,http://www.js-homeservices.ca/
1762,Paar Electric,4168941044,https://paar-electric.business.site/
1763,Penmar Automation Inc,9058368103,https://penmarautomation.com/
1769,Caspian Control Systems,6476578636,https://caspian-control-systems.business.site/?utm_source=gmb&utm_medium=referral
1776,LA Plus Electrical Contracting Inc,6475394552,http://lapluselectrical.ca/
1779,Sturdy Power Lines,9057756829,https://splhv.ca/
1781,Andrew Electric,7057949846,http://www.andrew-electric.ca/
1783,C & F Solutions,2897688631,
1784,J’s Electric,9057166600,https://js-electric-electrician.business.site/?utm_source=gmb&utm_medium=referral
1786,Electrical Elite Inc.,6479300052,https://electricalelite.ca/?utm_campaign=gmb
1791,Powerline plus electrical inc,6472354020,
1797,Botas Electrical,9059552562,
1802,All Electrical Service,4163578614,https://all-electrical-service.com/
1805,Techking Electrical Services,4165055453,http://www.techking.ca/
1808,Paynel Electrical Contractors,9059361105,https://paynel.ca/
1811,Motor Works & Electrical Power Equipment Finders Inc,9058984272,http://www.electpwrquip.com/
1812,Rare Electrical Service Corp.,6472362374,http://rareelectrical.ca/
1816,Electricians Richmond Hill,2892164688,https://www.electriciansrichmondhill.ca/
1818,The Home Depot,9058980090,https://stores.homedepot.ca/on/newmarket/home-improvement-newmarket-on-7030.html?utm_source=google&utm_medium=organic&utm_campaign=local&utm_content=7030
1825,Innovation Electric Inc.,4166703478,http://www.innovationelectricinc.com/
1833,Wilson High Voltage Inc,9057732400,http://www.wilsonhighvoltage.com/
1839,Eco Icon Inc | Heating & Air Conditioning,6472012623,https://ecoicon.ca/?utm_source=gmb&utm_medium=organic
1840,705 Electric,7055003535,http://www.705electric.com/
1845,Speedy Electric Contractors Ltd,9052642344,http://www.speedyelectric.ca/
1848,Enercare,7053044930,https://www.enercare.ca/locations/peterborough?utm_source=GMB&utm_medium=organic&utm_campaign=local-pack
1851,ProElectric Contractors Inc.,6478311666,http://www.goproelectric.com/
1852,Okeylamp,18559556539,http://okeylamp.com/
1861,Datom Group Ltd.,9059391074,https://datomgroup.ca/
1866,Asa Electric Ltd.,6479815534,http://asaelectricltd.ca/
1869,A4 Group,6472488984,http://a4group.ca/
1870,Green Electrical Inc | Electricians Toronto,4168876088,http://greenelectricalinc.ca/
1871,Inspec Homes Home Inspector Keswick - Rob Ranieri,9052513455,https://www.inspechomes.com/home-inspectors/RobertRanieri
1884,Sturdy Electric,4167881622,http://www.sturdyelectric.ca/
1888,Lowe Don,9054767274,
1892,Icon Electric,9059604771,
1900,Master Electric Inc.,7053218299,http://www.masterelectric.ca/
1901,J.T.E.C. Electric,7052796723,http://www.jtecelectric.ca/
1903,Nu-Tek Electric,7054581083,https://www.googleadservices.com/pagead/aclk?sa=L&ai=DChcSEwi0pPy1_t37AhWC8uMHHY-bDSUYABAIGgJ5bQ&ohost=www.google.com&cid=CAASE-RoSkMtPSD4fkqAFpQg1WecHT4&sig=AOD64_0qXFdEqbdl9GDqr-dRzc1keHqzBw&q=&ctype=99&ved=2ahUKEwjJ_fG1_t37AhX0mYkEHTW5CeQ4FBCErAF6BAgBECw&adurl=
1910,Marnoch Electric Ltd,7054317888,
1914,My Electrician Inc.,7054873644,http://myelectrician.ca/
1917,PAVOL LTD,6472195112,https://pavol.ca/
1923,B.E.R. ELECTRICAL CONTRACTING INC.,7058165538,https://www.berelectrical.com/
1925,Oro Electric Inc,7054873327,
1929,RU Electric Ltd.,7053530332,http://www.ruelectric.ca/
1934,Dave's Electrical Services,7057945618,http://daveselectricalservices.com/
1938,Georgian Electrical Contractors Ltd,7057220600,http://www.georgianelectric.com/
1943,Wallwin Electric Services Ltd,7057261859,http://www.electricalcontractorbarrie.ca/
1948,Loudon Electric,7053053786,http://www.loudonelectric.ca/
1951,Executive Lighting and Services Inc,7059853932,
1953,Triple M Electric Electrician,2899233541,https://www.facebook.com/profile.php?id=100063805440014
1956,Ontario Electric Works,7058179473,http://www.ontarioelectricworks.com/
1957,D H Electric,7057218005,
1960,Future Core Electric,7057700194,https://futurecoreelectric.com/
1961,B G Currie Electrical Services,7054584358,https://www.bgcurrieelectrical.ca/
1964,Wally's Electrical Service ECRA ESA 7014447,7057252021,https://wallyselectricalservice.business.site/?utm_source=gmb&utm_medium=referral
1967,The Shock Doctors,7057283932,http://www.theshockdoctors.ca/
1977,Maple Electric Inc.,7057962740,http://mapleelectric.ca/
1979,The Shock Doctors,7053264333,http://www.theshockdoctors.ca/
1981,KING RENOVATIONS,6473272781,
1984,Beac-On Group Electrical Contractor,7053095951,http://www.beacongroup.ca/
1988,Mykon Electric North,7052523429,https://www.mykonnorth.com/
1990,Electric Matter Corp,4168793965,
2000,Hotwire Electric,4165535533,https://hotwire-electric.com/
2003,Crawford Electrical Contracting Inc.,4169101169,http://www.crawfordelectrical.ca/
2011,Hotwire Electric,4165585355,https://hotwire-electric.com/
2012,K Dell Electrical,9059362399,http://www.kdellelectrical.com/
2017,Nate's Electric,7054432989,
2023,Earth Electric,7057151161,http://www.earthelectric.ca/
2025,Sparks Electrical Contracting,7053339869,http://sparksec.ca/
2027,Enslen Electric Inc,7057270999,https://enslenelectric.ca/
2035,Reliance home improvement 168,6478388298,https://reliance-home-improvement.business.site/?utm_source=gmb&utm_medium=referral
2039,Sunny Electrical Contractors Ltd,4168047484,http://sunnyelectrical.ca/
2062,J.L.S Electric,4168347545,
2069,King's Power Electric Inc,4167234209,
2085,Brotec Electrical Inc,4168544326,http://brotecelectrical.com/
2091,KVA ELECTRICAL SYSTEMS LTD.,9056694584,https://kvaelectric.ca/
2094,Electrician in Woodbridge,6479325666,https://sites.google.com/site/electricianinbrampton/
2096,All Electrical,9059308999,https://allelectricall.ca/
2099,Hank's Electric,9053043000,http://www.hanksandson.com/
2101,Elecomp,4168316434,http://www.elecomp.ca/
2102,L K Electric,4165051115,http://www.electricservicestoronto.com/
2109,G3 Electric Ltd,4163710447,
2111,Tron Electrical & Automation,6479331736,https://tronelectrical.com/?utm_source=google&utm_medium=organic&utm_campaign=gmb-listing
2115,Nearby Electrician (ACDC Electrical Tech),4166666484,http://carchargertoronto.com/?utm_source=gmb&utm_medium=referral
2116,Electro King Electric,9059770968,http://sites.google.com/electroking.ca/info/home
2119,Wire & Power Electrical Services,4168770138,http://wireandpower.ca/
2121,Eco-Power Electrical Company Limited,18004119450,http://www.ecopowerelectric.ca/
2122,HOMElectric,4168570186,https://homelectric.ca/
2123,Brican Electric Ltd,9058590247,
2124,EDISON ELECTRICAL CONTRACTOR,4167224724,http://torontoelectrician.wordpress.com/
2129,Egorland Electrical Contracting Inc.,18002423540,http://www.egorland.ca/
2132,Mr. Spark Ltd.,4372174625,
2133,Toronto PotLight Inc,4165092740,https://torontopotlightinc.com/
2136,Hi-Tech Electrical Works,6474036323,https://hi-tech-electrical-works.business.site/
2138,Voltaset Prime Electric,4168370371,http://voltaset.co/
2141,Gem-Tec Group Inc,9057380533,
2143,Wireology Inc.,9059297283,http://www.wireology.ca/
2145,Atticus Electric,4165578666,http://www.atticuselectric.com/
2146,Aptech Plus,6476087715,http://aptechplus.com/
2149,Raf Pro Inc.,4168757177,
2150,No Radiation Inc.,4162233773,http://www.noradiation.ca/
2151,Reactance Electrical Services Limited,9053038944,https://www.reactanceelectrical.ca/
2153,Electrical Apprentice Training Alliance,9058826484,https://electricalapprenticeship.ca/
2154,CIVIL ELECTRIC Inc.,4167009474,http://civilelectric.ca/
2155,EMV Electrical Contracting,9055489119,http://emvelectrical.ca/
2156,Electrocom Technical Solutions Inc.,6478774131,
2157,J & J Electric,4166605980,http://www.j-jelectric.ca/
2162,Toronto Electrician,4168337094,
2164,Green Techno Electric Inc.,4168318842,http://www.gteinc.ca/
2171,Fortis Electric Ltd,9057871511,http://www.fortiselectric.com/
2177,West Electrical Contractors Inc,9058897497,
2189,Pro-Tek Electric,9058811997,https://protekelectric.com/
2190,Everbrite Industries Ltd,4162848168,http://www.everbrite.ca/
2197,Taras Electric Inc,9057700853,
2198,Capri Electric,9056600489,
2202,"King Electrical Services, Inc.",13363629394,http://kingelectricalservicesinc.com/
2210,Cable Contractors Corporation,4168254395,https://cablecc.ca/
2216,King Painter Maintanence and Renovation INC,4162722254,https://kingpainter.ca/
2219,Summit Contractors,6475332940,https://www.summitcontractors.ca/
2224,J B Controls,9055627011,http://jbcontrols.ca/
2228,Potlight -Best Pot light installation services 👑,6477798040,
2231,IMAS Electric | Electrician Richmond Hill,5488001912,https://licensedelectriciantoronto.ca/
2240,J's auto electrical,6476463454,https://js-auto-electrical.business.site/?utm_source=gmb&utm_medium=referral
2243,Conestogo Electric Inc,5197486740,http://www.conestogo.on.ca/
2255,King Electricians,447903289687,https://kingelectricians.co.uk/
2261,King's Electrical Services,7096933374,http://kingselectricalservices.ca/
2265,Molto Bene Handyman Services,4165706574,http://moltobenehandyman.com/
2278,King Electric LLC,19708295464,https://kingelectricllc.com/?utm_source=local&utm_medium=organic&utm_campaign=gmb
2279,Altman's Electrical Inc,6475030422,https://www.googleadservices.com/pagead/aclk?sa=L&ai=DChcSEwi13des_937AhVLssgKHWAaALcYABAAGgJxdQ&ohost=www.google.com&cid=CAASE-RoY_2twJagq22Fdt059JEk9Ao&sig=AOD64_02U3HAMMpJmykSp417r7ufo932hw&q=&ctype=99&ved=2ahUKEwjOq8-s_937AhUmlXIEHa1eAbgQhKwBegQIBBAU&adurl=
2283,Signature Electric Ltd,4164908093,http://signatureelectric.ca/
2286,Quality Potlight,6476807589,http://www.qualitypotlight.ca/
2287,Stevens & Black Electrical Contractors Ltd,9054791885,http://www.stevensblack.com/
2291,TACSA Electric Inc.,6478600940,https://tacsaelectric.ca/
2292,Nadir Electric Ltd,4167573639,http://www.nadirelectric.ca/
2294,Deal Electrical Services,4167600069,
2295,Solitechman Electrical inc,4164751101,
2296,AD Electric,6478913765,http://adelectric.ca/contact-us/
2298,BP Electric Company,9054722827,http://bpelectric.ca/
2299,Bronson Electric Co Ltd,9054778641,http://bronsonelectric.ca/contact.asp
2300,Direct Electric,4168904800,http://directelectricc.com/
2303,Rytech Services (Electrical),6479690086,
2304,Wesco Distribution Canada,9054156100,https://buy.wesco.ca/
2306,Phase Electric Ltd,4164105001,
2307,HRM Electrical Inc,4165541698,http://hrmelectrical.com/
2308,Electric Group Limited,4162460024,http://electricgroup.ca/
2309,AJ Electrical,4167329266,
2311,ETP co. Electrical Services,6475172443,https://bluearaz.business.site/?utm_source=gmb&utm_medium=referral
2313,Trace Electric and Trace Fire Protection,9054150300,https://www.trace-electric.com/
2315,Buxton And Dawe Ltd,9054772009,https://buxtonanddawe.com/
2321,Harp Electric Ltd,9054713028,http://harpelectric.ca/
2322,Rapid Trends Electrical Co Inc,9054777444,
2329,Lumina Electrical Inc.,6478926044,
2330,Meena Entreprises Inc,9054152378,
2332,Super Electric Co,9054151700,
2335,Techlink electrical inc.,4163013011,
2337,Lia Electric Ltd.,4379871677,
2340,Daliran Electric,4168446020,http://www.daliranelectric.com/
2349,XPRESS ELECTRICAL AND MAINTENANCE,4164711110,http://xpresselectrical.ca/
2352,Tech Digital Manufacturing Ltd,9055138094,http://techdigital.ca/contact
2359,Hunter and Sniper Electric Inc,4165672077,http://www.hselectrician.com/
2362,RPG Electric Ltd,9054742723,http://www.rpgelectric.com/
2363,Bright Diamond Electric,4377883374,
2364,Regal Electrical Services Ltd.,4379890685,https://www.regalelectricalservices.com/
2366,BN1 Electrical Solutions inc,6475673720,http://bn1electrical-solutions-inc.business.site/
2370,PowerLink Electric Inc.,6475271188,http://www.powerlinkelectric.ca/
2371,Nema Electric Inc.,6472488747,http://www.nemaelectric.ca/
2375,Cantam Electricals,4165677737,http://www.instagram.com/cantamelectricals
2376,Canadian Electrical Services,9054740777,http://www.cestransformers.com/
2377,Naz Electric,4168069471,
2380,SORENA ELECTRIC,4379717273,http://sorenaelectric.com/
2384,Apollo Smart Inc,9057076835,
2387,Condo Potlight,6473304050,http://condopotlight.ca/
2388,Smart Charge Canada,6477176278,http://www.smartchargecanada.com/
2392,K-Line International,9059479950,https://k-line.ca/
2394,QBC ELECTRIC INC.,4372184229,https://qbc-electric-inc.business.site/?utm_source=gmb&utm_medium=referral
2398,Foretech Electric,9057800995,http://foretechelectric.ca/
2407,CMS Group LTD.,4166099992,http://cmsgroup.com/
2408,ACCELERATION ELECTRICAL SERVICES INC.,4168334133,https://www.cellelectrical.ca/
2409,Camtech Electric Inc Richmond Hill,4168572007,https://camtech-electric-inc-richmond-hill.business.site/
2413,At Home Electric,6479629187,https://athome-electric.ca/
2416,"Nedco - Markham, ON",9054757602,https://www.nedco.ca/cnd/Markham/store/I-WR
2418,Alkon Electric Inc,4168820852,http://www.alkonelectric.com/
2419,Hotwire Electric,9052375305,http://hotwire-electric.com/
2420,AMi Electric,6476423322,
2421,Parks Electric,9058844620,
2423,Safe Service Electrical,6472092025,http://www.safeservice.ca/
2425,KOMNI ELECTRIC,6476497567,https://www.komnielectric.ca/
2428,Lumière Electrical Contracting,6473852680,https://lumiec.ca/
2431,K-Line Insulators Limited,4162922008,https://www.k-line.net/
2432,Orient Display North America Ltd,9054771166,https://www.orientdisplay.com/
2437,ECH Agency Inc.,9058873896,http://www.ech-agency.com/
2442,HL Electric Inc,4167507790,http://www.hlelectric.ca/
2443,CAS Design & Renovation,6478863318,http://cascontracting.ca/
2445,The Home Depot,9052012590,https://stores.homedepot.ca/on/markham/home-improvement-markham-on-7136.html?utm_source=google&utm_medium=organic&utm_campaign=local&utm_content=7136
2449,The Home Depot,9052015500,https://stores.homedepot.ca/on/markham/home-improvement-markham-on-7262.html?utm_source=google&utm_medium=organic&utm_campaign=local&utm_content=7262
2451,Mapleplus Electric Inc.,4164000871,http://www.mapleplusec.ca/
2453,Mr. Heat Mechanical Inc.,9057071299,https://www.mrheatmechanical.com/
2458,AMP Power Ltd.,9055970704,http://amppower.ca/
2459,Electron Contracting Corp,6477298696,http://www.electroncontracting.ca/
2460,The Home Depot,9059405900,https://stores.homedepot.ca/on/markham/home-improvement-markham-on-7004.html?utm_source=google&utm_medium=organic&utm_campaign=local&utm_content=7004
2461,Pro A&R Renovation Group Inc,4166624450,http://www.ar-renovation.com/
2463,Surge Electrical and Electronic L.T.D,4168345734,
2466,Enbridge Electric,9057310927,
2467,F And D Electrician,6479522016,
2471,Hi Tech Electric,4168347679,http://www.hitechelectrical.ca/
2483,Archronix,9055139160,http://www.archronix.com/
2485,United Contact 1985 Inc,4162971770,https://www.unitedcontact.com/
2487,Geebo Electric,4169084779,https://www.geeboelectric.com/
2491,Auxe,6479779707,http://auxe.ca/
2494,Truck Rental at The Home Depot,9059400348,https://www.homedepot.ca/en/home/tool-and-vehicle-rental/truck-and-van-rental-faq.html?utm_source=google&utm_medium=organic&utm_campaign=local&utm_content=TRUCK7004
2498,ProPhase Ltd.,4166366060,https://www.prophase.ca/
2553,Custom Home Electronics,4163464200,https://customhomeelectronics.ca/contact-us
2571,Enercare,9054181032,https://www.enercare.ca/locations/newmarket?utm_source=GMB&utm_medium=organic&utm_campaign=local-pack
2599,Canco ClimateCare Heating & Air Conditioning,9058983912,https://www.cancoclimatecare.com/?utm_source=google&utm_medium=organic&utm_campaign=gbp
2602,Terry McCloskey Electric 1979 Ltd,9059392529,http://mccloskeyelectric.com/
2607,Electrical Hub Inc.,6479944411,https://electrical-hub-inc.business.site/?utm_source=gmb&utm_medium=referral
2613,SiteTech Electrical INC,6479393239,https://sitetechelectrical.com/
2614,City Electric Supply Newmarket,9059539960,http://www.cityelectricsupply.ca/
2622,Altman's Electrical Inc,4165730422,http://www.altmanselectrical.ca/
2638,Mazda Electric,4166487784,http://www.mazdaelectric.ca/
2642,Truck Rental at The Home Depot,9058984185,https://www.homedepot.ca/en/home/tool-and-vehicle-rental/truck-and-van-rental-faq.html?utm_source=google&utm_medium=organic&utm_campaign=local&utm_content=TRUCK7030
2656,Bond Electric,6475302704,http://www.bondelectric.ca/
2664,Net Electric,9057377760,https://net-electric.com/
2683,Spadan Electric Inc.,6479946162,
2685,IVR Electrical,6476862310,https://www.ivr-electrical.ca/
2687,nupower inc,4168995563,http://www.nupower.ca/
2688,Emc Electrical Inc,9058831269,
2689,Electric & Gas Solutions,4163995833,http://www.electricandgas.ca/
2690,Circuit Energy Inc.,18668954545,http://circuitenergy.ca/
2701,Atkinson Electric,4168438626,
2706,Symtech Innovations Ltd.,18886206341,http://www.symtech.com/
2740,"Reliance Heating, Air Conditioning & Plumbing",9057700011,https://reliancehomecomfort.com/richmond-hill/?utm_source=google&utm_medium=organic&utm_campaign=gmb
2742,Electrical Contractor,6479943850,
2745,RAH Electrical Corp.,6472855350,https://rahelectric.ca/
2760,Herma Motor Svc,9057092396,http://www.herma.ca/
2763,Boz Electric Supply Ltd.,9055082199,http://www.bozelectric.com/
2764,Blue Jay's Electric,4165051010,
2765,Starlit electric LTD,6478715555,http://www.starlitltd.ca/
2767,The Home Depot,9057877200,https://stores.homedepot.ca/on/richmondhill/home-improvement-richmondhill-on-7161.html?utm_source=google&utm_medium=organic&utm_campaign=local&utm_content=7161
2769,CAF Electric,9058848545,https://cafsales.wixsite.com/home
2786,Farad Electric Inc.,4164524851,https://www.faradelectric.net/contact/
2789,Naylor Building Partnerships Inc.,9057640913,http://www.naylorbp.com/
2791,"House Depot - Heating, Air Conditioning, and Electrical",4168229030,https://housedepot.ca/
2795,Industralite Electric Co,5484883485,
2797,A&D Electrical Services,6479825383,
2800,Platinum Electrical Contractors Inc | Generac Generators,9057617647,https://generatorexperts.ca/?utm_source=Google%20My%20Business&utm_medium=GMB&utm_campaign=GMB%20Toronto
2809,Globrite Electric Co Ltd,9057312057,
2810,Can-Em Electrical,6478397968,
2813,Street Brothers Auto Repair,9058845368,https://streetbrothersautorepair.com/contact-us/
2816,IOB Electric Ltd,6478653312,http://iobelectric.ca/
2817,Fairlawn Electric,9057616972,
2820,Electrical Contractors Toronto,4165203195,http://nldcan.com/
2822,Tecnolite Electric Limited,9056607991,
2832,NB Electric Inc.,4168988176,
2838,Truck Rental at The Home Depot,9057877206,https://www.homedepot.ca/en/home/tool-and-vehicle-rental/truck-and-van-rental-faq.html?utm_source=google&utm_medium=organic&utm_campaign=local&utm_content=TRUCK7161
2843,Truck Rental at The Home Depot,9057636620,https://www.homedepot.ca/en/home/tool-and-vehicle-rental/truck-and-van-rental-faq.html?utm_source=google&utm_medium=organic&utm_campaign=local&utm_content=TRUCK7106
2848,Ceg Inc,9057618657,http://cegroup.ca/
2849,Canadian Electric,9056604272,http://canadianelectric.net/
2852,Bendygo,4165656124,
2859,Plumbs Up Plumbing & Drains,2892032732,https://www.plumbsup.ca/?utm_campaign=gmb
2860,ITC Electrical Components,4166637223,https://www.itcproducts.com/
2871,Effective Electrical,6478863098,https://effectiveelectrical.ca/?utm_source=GMB&&utm_campaign=Vaughan_effective_electrtical
2873,Neutron Electrical Contracting Inc.,9052641066,
2875,Atlas Electric,6472418270,
2878,ProTouch Electrical Inc.,2893950147,http://www.pro-touch.ca/
2879,Antech Electrical,9056601384,http://antechelectric.com/
2882,Lux Electrical Contracting Inc.,4169981683,http://www.luxelectrical.ca/
2888,Night Light Inc,9057314783,https://nightlightinc.business.site/?utm_source=gmb&utm_medium=referral
2893,City Electric Inc,9058562489,http://www.cityelectricinc.ca/
2899,D.A.R.T Electric Ltd,9057615758,https://dartelectricltd.com/
2900,DNG Power Ltd,6478919178,http://dngpowerltd.com/?utm_source=gmb&utm_medium=referral
2901,Pine Valley Electric Company Ltd,9058511999,https://pinevalleyelectric.ca/
2902,West View Electric Contractors Inc,9058566809,
2904,Mayfair Electric Ltd,9057382244,
2905,Urban Electrical Contractors Ltd.,9056690280,http://www.urbanelectrical.ca/
2909,Highlight electrical services,4164004888,
2922,Aetna Electric Company,9056698454,
2925,City Wide Electrical Ltd.,9056600104,http://www.citywideelectrical.ca/business-overview.php
2927,Delmarc Electric Inc,9052642772,
2932,Spantech Electric Ltd,9056697502,
2936,CarmTech Electric Ltd,9058560100,http://carmtech.com/
2941,Kleinburg Electrical,6475271100,https://kleinburg-electrical.business.site/?utm_source=gmb&utm_medium=referral
2943,Duplex Electrical Ltd,9058514850,http://duplexelectricalltd.com/
2950,Dur Electric 1986 Ltd,9057610404,
2958,Riviera Electric,9057381166,
2969,Practical Electric Contracting Inc,4166631500,http://practicalelectric.ca/
2976,Handyman Connection of Vaughan,9058847678,https://www.handymanconnection.com/vaughan/
2990,Vaughan Electrical Supply,4162137153,https://www.vaughanelectrical.com/
2997,B.J. Electric,9057602914,http://www.bjelec.ca/
2998,Durcon Electric,9057611834,http://www.durconelectric.com/
3014,Gerrie Electric,4162137111,http://www.gerrie.com/
3019,T&T Power Group,18002213432,http://www.ttpowergroup.com/
3035,RYU electric,9054741100,http://www.ryuelectric.com/
3039,Legrand Canada,9057389195,http://www.legrand.com/
3041,Zerem Electrical Services,4167495666,https://zerem.com/
3042,Top Gun Electrical Supply Ltd,9056698811,
3053,Alive Electrical Contracting Ltd.,4164185348,http://www.aliveelectrical.ca/
3056,Vaughan Auto Electric Ltd,9056692808,https://www.vaughanautoelectric.com/
3059,Skilled Trades College of Canada - Vaughan Campus,9052641412,https://skilledtradescollege.ca/vaughan-campus/?utm_source=GMB_Vaughan&utm_medium=organic
3060,J.B. Holden Electrical Services Ltd,4166143500,http://www.jbholden.ca/
3076,OZZ Clean Energy Inc.,9056956829,http://www.ozzsolar.com/
3081,maple handyman care,4168936489,https://maple-handyman-care.business.site/?utm_source=gmb&utm_medium=referral
3099,JENCO CANADA LED STOUFFVILLE & ELECTRICAL SUPPLIER,9056426112,http://www.jencocanada.ca/
3174,Unionville Heating & Air Conditioning,9054791290,https://www.unionvilleheating.com/
3188,Simonext Vision Inc,4165516249,
3189,Trudel & Sons Roofing Ltd,9056423515,http://trudelandsons.com/
3190,Hart-Well Electrical Company Ltd,4162873308,https://www.hart-well.com/
3191,Contractors Masonry Ltd,9056420765,http://www.contractorsmasonryltd.com/
3193,Vargas Family Roofing and Exteriors Inc,6479932426,http://www.vargasfamilyroofing.com/
3194,Stouffville Garage Doors,9056423217,http://stouffvillegaragedoor.com/
3195,Kelly & Sons,9056493700,http://www.kellyandsons.ca/
3216,Appliance Repair Stouffville,6476605664,http://www.stouffvilleappliancesrepair.ca/
3224,Wireless Plus,9055919400,
3228,Trench Limited,4162988108,https://trench-group.com/
3229,Schell Lumber Home Building Centre,9056403440,https://www.homehardware.ca/en/store/15500
3234,Wile Electrical Services,7058903095,
3238,Randy's Refrigeration & Appliances Ltd,9056404747,http://randysappliances.ca/
3252,Award Brand Component Sales Ltd,4162990852,http://abcsales.ca/
3259,Evans Electrical Services,9058502112,http://www.evanselectrical.com/
3278,Mayberry Electric and General Contracting,6478877895,http://www.mayberryelectric.ca/
3280,Delmar Electric,5199254037,http://www.delmarelectric.ca/
3281,Groves Electric Inc,5196473337,http://www.groveselectric.ca/
3285,AMP-TRAK Controls Ltd.,5199416740,https://amptrak.com/
3288,Stott Electrical Solutions,5192168200,http://stottes.com/
3289,C.I.D Powerline Electrical and Pole Line Contractors Inc.,5199415289,http://www.cidpowerline.com/
3292,Mariposa Electric,7058783717,http://mariposaelectric.ca/
3296,Motion Electrical- Heating & Cooling,5197876953,http://motionehc.com/
3301,Blais Electric,5197662940,http://www.blaiselectric.ca/?utm_source=gmb&utm_medium=organic
3309,Home-Pro Electric,5198858268,https://home-proelectric.com/?utm_source=gmb&utm_medium=referral
3311,EVO Electrical Contracting,6479878830,http://www.evoelectricalcontracting.com/
3315,DHT Electrical Inc.,5198546286,https://dhtelectrical.com/
3318,Mc Eachern Electric,5198554269,
3320,Jones Electric Of Kitchener Inc.,5197455158,http://joneselectricofkitchener.ca/
3322,Nezz Electric,5199283271,http://www.nezzelectric.com/
3323,Electrical Contractors Association of Ontario,4166753226,http://www.ecao.org/
3327,ROBERTS ELECTRICAL,7055619339,http://www.robertselectrical.ca/
3329,Lancer Electric,7057484505,http://www.lancerelectric.ca/
3331,"Brian's Little Electric Inc.,",7052527159,http://www.littleelectric.ca/
3332,Victoria Electric Div. of Harold Stecho,5195762220,https://stecho.ca/
3340,Mona Electric Group Inc,13018682552,
3343,R A Barnes Electrical Contractors Ltd,5196492132,https://www.barneselectric.ca/
3344,C & N Electric and Plumbing Ltd,6136923284,http://www.cn-electric.ca/
3345,PH Electric,12095591027,https://phelectric.business.site/
3346,Reel Electric,12092061831,
3347,Macklin Electric,12095869506,https://www.macklinelectric.com/
3348,H & R Electric,6138803410,https://www.hr-electric.com/
3350,J. Mono Electrical Ltd,441724338192,http://www.jmono.co.uk/
3351,Ring Electric Inc.,6134214442,https://ringelectric.ca/
3352,Gary's Electric,17606483474,
3353,Mono Elec,33652777642,
3367,RMC Electric Ltd,5199418460,
3375,Don Black Electric Ltd.,5199412888,
3382,Rectify Electric Ltd,5199414999,
3385,City Electric Supply Orangeville,5199388041,http://www.cityelectricsupply.ca/
3390,Headwaters Heating and Cooling,5198064911,https://headwatersheatingandcooling.com/?utm_source=google&utm_medium=organic&utm_campaign=local&utm_content=Orangeville
3397,Hogg & Nevills Electric,5484903841,https://www.hoggandnevillselectric.com/
3400,Truck Rental at The Home Depot,5199407275,https://www.homedepot.ca/en/home/tool-and-vehicle-rental/truck-and-van-rental-faq.html?utm_source=google&utm_medium=organic&utm_campaign=local&utm_content=TRUCK7167
3470,The Home Depot,9057782100,https://stores.homedepot.ca/on/bradford/home-improvement-bradford-on-7264.html?utm_source=google&utm_medium=organic&utm_campaign=local&utm_content=7264
3523,"West Bradford Electrical Contractors, LLC",14847134393,http://www.westbradfordelectric.com/
3534,PSE Services,9058410442,https://www.pseservices.ca/contact-us
3578,Kiarash Homes,6479784406,http://www.kiarashhomes.com/
3579,Bradford RONA,9057753362,https://www.rona.ca/en/store/ontario/bradford/bradford-rona-04925?cm_mmc=organic_search-_-yext-_-gmb-_-website&utm_medium=organic_search&utm_source=yext&utm_campaign=gmb&utm_content=website&y_source=1_OTQzMzkyOC03MTUtbG9jYXRpb24ud2Vic2l0ZQ%3D%3D
3583,Aurora Electric Supply Corporation,9055033532,http://www.auroraelectricsupply.ca/
3589,Bradford Home Hardware,9057756355,http://www.bradfordhomehardware.ca/
3590,Zehrs Bradford,9057781297,https://www.zehrs.ca/store-locator/details/0505?utm_source=G&utm_medium=LPM&utm_campaign=Loblaws
3591,Canadian Tire,9057784330,https://www.canadiantire.ca/en/store-details/on/bradford-on-446.html?utm_source=google&utm_medium=lss&utm_content=446
3596,Walmart Supercentre,9057751610,https://www.walmart.ca/en/stores-near-me/bradford-supercentre-1101?utm_source=local&utm_medium=listings&utm_campaign=sc&cmpid=gmb
3597,"Flex-N-Gate, A Div. of Ventra Group Co.",9057787900,http://www.flex-n-gate.com/
3598,Maple Leaf Food,9057755230,https://www.mapleleaffoods.com/
3600,Avenue Decor Centre,9052355548,http://www.avenuedecorcentre.ca/
3601,SIA Heating & Cooling Inc.,6474823654,http://www.sia-hvac.ca/
3603,Cabinet Depot Newmarket,2898021413,http://www.cabinetdepotnewmarket.com/
3604,Bradford West Gwillimbury (Town of),9057752162,http://www.townofbwg.com/
3605,Princess Auto,9059522107,http://www.princessauto.com/en/store?storeId=32
3606,EQ Audio Video,4166897779,http://www.eqaudio.ca/
3607,Lowe's Home Improvement,9059522950,https://www.lowes.ca/stores/home-improvement-newmarket-east-gwillimbury-2642?cm_mmc=organic_search-_-yext-_-gmb-_-website&utm_medium=organic_search&utm_source=yext&utm_campaign=gmb&utm_content=website&y_source=1_MTE4NDMzMi03MTUtbG9jYXRpb24ud2Vic2l0ZQ%3D%3D
3608,JLEC Electrical Ltd. (Bradford),441274229030,http://www.jlec.co.uk/
3609,Town of Bradford West Gwillimbury,9057755366,http://www.townofbwg.com/
3611,AquaPRO Pools & Hot Tubs,18559057665,http://www.aquapropools.ca/
3612,Multimatic Dynamic Suspensions,9058538820,http://www.multimatic.com/contact-us/multimatic-structures-suspension/multimatic-dynamic-suspension/
3613,MULTEPS SOLAR INC.,9058063857,http://multeps.ca/
3614,Adrian Beck Auto Electricians,441274590010,http://www.adrianbeckautoelec.com/home.html
3615,MOBILE CAR DIAGNOSTICS- AUTO ELECTRICIAN - MECHANIC- BRADFORD - LEEDS,447513637663,http://www.mobilecardiagnostics.co.uk/
3616,Little Miss Electrical,447943192037,http://littlemisselectrical.co.uk/
3619,Ontario Electrical League,9052381382,http://www.oel.org/
3621,Xpert Electrical,441274457206,http://www.xpertelectrical.co.uk/
3626,DGR Electric,4166253087,http://dgrelectric.ca/
3628,WEATHERALL'S ELECTRIC,18445802710,http://weatherallselectric.ca/
3629,Brightside Technical Services,4165684207,http://brightsidetechnical.com/
3631,D.B. Electrical Service,7054352892,http://www.dbelectrical.ca/
3633,McCarthy Electrical Contracting,7054354251,
3640,RPM Industrial Inc.,9057290022,http://www.rpmindustrial.ca/
3648,Beavercrest Electrical Services & Contracting,7055301238,http://www.beavercrest.ca/
3649,Simcoe York Electric,7054353624,http://www.simcoeyorkelectric.com/
3653,Amp Pro Electrical Solutions Inc,7057185437,https://amppro.ca/
3686,Appliance Repair New Tecumseth,2893898809,http://www.newtecumseth-appliancerepair.ca/
3703,Gerrie Electric Alliston,7054349229,http://www.gerrie.com/
3785,L & D Masonry,9059362452,
3793,Crown Lock and Key,4169906662,https://crown-lock-and-key.business.site/
3804,New Tecumseth Glass & Mirror Ltd,7054357567,http://www.newtecglass.ca/
3814,Alliston Home Hardware Building Centre,7054355511,https://www.homehardware.ca/store/18053
3815,Town of New Tecumseth,7054353900,https://www.newtecumseth.ca/en/index.aspx
3816,mtech express inc,4165607998,http://www.mtechex.com/
3841,Croatian Electric,4165200157,http://www.croatianelectrictoronto.com/
3842,Steinmetz Electric,4163038641,https://www.steinmetzelectric.com/
3848,High Park Electrical,4167992335,https://www.highparkelectrical.ca/
3850,Astron Electric - Licensed Electrician & Electrical Contractors Toronto,4164223865,https://astronelectric.com/
3851,AED Electric,4169120032,http://www.aedelectric.com/
3852,Rethink Electric,4165731001,http://rethinkelectric.ca/
3856,Best Electric,6477180978,http://bestelectrician.ca/
3862,Eclipse Electrical Services LTD,4168387519,http://eclipse-electrical.ca/
3865,Jordan D Electric,4168876819,https://jordan-d-electric.business.site/
3867,Tron Automation and Electrical Corp (Toronto Division),6475458766,http://www.troninc.com/
3868,Klos Concepts Ltd.,4162747076,http://www.klosconcepts.com/
3869,Alkon Electric Toronto,4169940499,https://alkonelectric.com/
3870,Cosmos Electrical Company,4166906206,http://www.cosmoselectrical.com/
3873,JL Electrical,4164534862,https://jlelectrical.ca/
3875,Dircam Electric Ltd,4167981115,
3878,Albright Electric Co. Ltd.,4164669939,http://albrightelectric.ca/
3880,KNT Electric - Knob & Tube Specialist,6478800881,http://www.kntelectric.com/
3881,Transfer Electric Toronto,4162788670,http://transferelectric.ca/
3886,DC Electrical Services Inc.,6478284575,http://dcelectricalservices.ca/
3890,Chandelier Installation Service. A.V electrical,6475220777,https://av-chandeliers.com/
3891,Green Projects Electric,4168548290,
3892,Expert GTA Electric,6474091488,https://www.expertgta.com/
3893,Campbell & Kennedy Electric Ltd,4163630731,https://www.campbellkennedy.com/
3894,Weenen Electric Inc.,4166962316,http://www.weenen.com/
3895,Omni Electric,6479712016,https://website-724666074386864284224-electrician.business.site/?utm_source=gmb&utm_medium=referral
3896,Tesla Electric Ltd,4165355845,http://teslaelectric.ca/
3897,Canadian Wire Wizards,4167552700,https://www.canadianwirewizards.ca/?utm_source=GMB&utm_medium=Map&utm_campaign=Canada
3900,AME amasterelectric,6477866474,http://amasterelectric.ca/
3904,Nortown Electric,4165934447,
3906,"Current Connections, Inc",4168590564,http://currentconnections.ca/
3907,Toronto Electrical Contractors,6476992499,https://electriciansnearme.ca/
3909,Tandem Electrical Inc,4162511289,http://tandem-electric.com/
3911,Sit's Electric Inc,4165968145,
3913,Toro Electric,4163032145,http://toroelectric.ca/
3914,Viana Electric Limited,4165347933,
3917,AM-PM Electric,4162847282,http://ampmelectric.googlepages.com/
3919,Clonard Electrical Ltd,6474064655,
3922,Domain Electric,4165160428,http://domainelectric.ca/
3926,Connect Electrical,6474067545,
3928,Leaside Electric Inc,4164251027,http://www.leasideelectric.com/
3929,Lucid Electric,4167795259,http://lucidelectric.com/
3932,Monarch Electric Inc.,4167164069,http://www.monarchelectric.ca/
3935,Future Currents Inc.,4169209712,http://www.futurecurrents.ca/
3938,YAR POWER ELECTRIC INC.,6479075005,http://www.m-powerelectric.ca/
3941,Toronto Electrical Experts,4166359494,http://www.torontoelectricalexperts.com/
3945,Keep Current Electrical Services,2897954658,
3948,Finnigan and Son,4169001099,http://www.finson.ca/
3951,L S Electrical Svc,4165662908,
3958,Enbridge Electric,4169442197,
3959,Electrix Group,6479462201,http://www.electrixgroup.ca/
3963,Bar-Tech Electric Ltd,4169094439,https://bartechelectric.com/
3967,Heritage Electrical Contr Ltd,4167457667,http://www.hspelectrical.com/
3984,Intervolt Electric,4167578658,
3989,Metric Electric Contractors Ltd,4167501991,
4004,Alba Electrical Services Ltd.,6472820642,https://albaelectricalservices.com/
4014,Midtown Handyman,6479471124,http://www.midtownhm.ca/
4025,Electrical Technology Group,6478085814,
4036,Man with a Wrench,18884544840,https://manwithawrench.com/
4037,Kevs Electric,4164647866,
4038,Charge Guys,6479836880,http://www.chargeguys.ca/
4040,"Reliance Heating, Air Conditioning & Plumbing",6478372866,https://reliancehomecomfort.com/toronto/?utm_source=google&utm_medium=organic&utm_campaign=gmb
4043,Modern Niagara Toronto Inc.,4163601617,http://www.modernniagara.com/
4045,Circuit 6 Electrical Systems Inc.,4166596900,
4046,Handyman Connection of Toronto | Etobicoke,4162408757,https://handymanconnection.com/etobicoke/?utm_source=google&utm_medium=organic&utm_campaign=handyman_connection_etobicoke
4049,Belyea Bros. Heating & Cooling,4164251200,https://www.belyeabrothers.com/
4051,Caliber Group Ltd,4166294489,https://www.caliberbuilds.com/
